fc_actual,batt_actual,sc_actual,fc_pred,batt_pred,sc_pred
2.651543020174457155e+01,1.237386742748079804e+01,5.303086040348914842e+00,3.163472938537597656e+01,1.398261070251464844e+01,6.156664371490478516e+00
2.678005514616358340e+01,1.249735906820967202e+01,5.356011029232717213e+00,3.151543807983398438e+01,1.394348430633544922e+01,6.135677337646484375e+00
2.826354254563824142e+01,1.318965318796450958e+01,5.652708509127648107e+00,3.141835212707519531e+01,1.391640949249267578e+01,6.118690013885498047e+00
2.605142636536270828e+01,1.215733230383592911e+01,5.210285273072542189e+00,3.140338897705078125e+01,1.392533111572265625e+01,6.117335319519042969e+00
3.114647705436805580e+01,1.453502262537175582e+01,6.229295410873611161e+00,3.131006813049316406e+01,1.388665103912353516e+01,6.097983360290527344e+00
2.458797030709531839e+01,1.147438614331114692e+01,4.917594061419064744e+00,3.144113349914550781e+01,1.396194076538085938e+01,6.126635551452636719e+00
2.660485290596439611e+01,1.241559802278338331e+01,5.320970581192880466e+00,3.131534957885742188e+01,1.388712501525878906e+01,6.096592903137207031e+00
2.574108375616348710e+01,1.201250575287629196e+01,5.148216751232697952e+00,3.124016380310058594e+01,1.386849308013916016e+01,6.086278438568115234e+00
3.129719600339256047e+01,1.460535813491652490e+01,6.259439200678512449e+00,3.114404487609863281e+01,1.383424377441406250e+01,6.068274974822998047e+00
2.744312961266652806e+01,1.280679381924437621e+01,5.488625922533305612e+00,3.129850387573242188e+01,1.392167758941650391e+01,6.101275444030761719e+00
2.984746003072993403e+01,1.392881468100729947e+01,5.969492006145986629e+00,3.131817245483398438e+01,1.391316413879394531e+01,6.099725246429443359e+00
2.219500501640864698e+01,1.035766900765736764e+01,4.439001003281730640e+00,3.141958427429199219e+01,1.395744419097900391e+01,6.120582580566406250e+00
2.735393648239728037e+01,1.276517035845206216e+01,5.470787296479456607e+00,3.117714118957519531e+01,1.383088779449462891e+01,6.069448471069335938e+00
2.912415606763790166e+01,1.359127283156435162e+01,5.824831213527580154e+00,3.113634490966796875e+01,1.383918190002441406e+01,6.068998336791992188e+00
2.660601294394788852e+01,1.241613937384234667e+01,5.321202588789578414e+00,3.120399665832519531e+01,1.387963867187500000e+01,6.082178592681884766e+00
2.946095484379911511e+01,1.374844559377291731e+01,5.892190968759822844e+00,3.117770576477050781e+01,1.386099815368652344e+01,6.074262142181396484e+00
2.461949494770826163e+01,1.148909764226385377e+01,4.923898989541653393e+00,3.126632690429687500e+01,1.390614128112792969e+01,6.093136787414550781e+00
3.030778094931804745e+01,1.414363110968175263e+01,6.061556189863609667e+00,3.114845657348632812e+01,1.384041595458984375e+01,6.066866874694824219e+00
3.288637827625549193e+01,1.534697652891922459e+01,6.577275655251098030e+00,3.126631355285644531e+01,1.390818119049072266e+01,6.094370365142822266e+00
2.481271833742023958e+01,1.157926855746277717e+01,4.962543667484048626e+00,3.151776885986328125e+01,1.401341152191162109e+01,6.140881061553955078e+00
2.447791677350753048e+01,1.142302782763684554e+01,4.895583354701506629e+00,3.141880607604980469e+01,1.393292522430419922e+01,6.114242553710937500e+00
3.008944070922501979e+01,1.404173899763834044e+01,6.017888141845004313e+00,3.125571060180664062e+01,1.386317539215087891e+01,6.086519241333007812e+00
3.038457708625601228e+01,1.417946930691946861e+01,6.076915417251202101e+00,3.133998489379882812e+01,1.392193508148193359e+01,6.107916831970214844e+00
2.399559326035558726e+01,1.119794352149927263e+01,4.799118652071117985e+00,3.146552276611328125e+01,1.397348117828369141e+01,6.129520416259765625e+00
2.422370134475577430e+01,1.130439396088602599e+01,4.844740268951155393e+00,3.131088256835937500e+01,1.388418769836425781e+01,6.095036983489990234e+00
2.456080189303576944e+01,1.146170755008335718e+01,4.912160378607154598e+00,3.112772178649902344e+01,1.381651020050048828e+01,6.064035415649414062e+00
2.129653612902459159e+01,9.938383526878141083e+00,4.259307225804919383e+00,3.098021697998046875e+01,1.376961326599121094e+01,6.038629055023193359e+00
2.249953121138294776e+01,1.049978123197870694e+01,4.499906242276590085e+00,3.070075988769531250e+01,1.366128730773925781e+01,5.985739707946777344e+00
2.217056228600262102e+01,1.034626240013455600e+01,4.434112457200525270e+00,3.048411750793457031e+01,1.359924316406250000e+01,5.948995590209960938e+00
2.280901636593283399e+01,1.064420763743532028e+01,4.561803273186566976e+00,3.027822494506835938e+01,1.353893280029296875e+01,5.911781787872314453e+00
2.493973276202821410e+01,1.163854195561316551e+01,4.987946552405643885e+00,3.013449287414550781e+01,1.350458145141601562e+01,5.886474132537841797e+00
2.567979318986641957e+01,1.198390348860432653e+01,5.135958637973284446e+00,3.011130142211914062e+01,1.352052021026611328e+01,5.883650779724121094e+00
2.956402137937863728e+01,1.379654331037669479e+01,5.912804275875727100e+00,3.015896034240722656e+01,1.355101203918457031e+01,5.891841888427734375e+00
2.185486322169500539e+01,1.019893617012433573e+01,4.370972644339001789e+00,3.038054847717285156e+01,1.365500164031982422e+01,5.934052944183349609e+00
2.774235776003929388e+01,1.294643362135166775e+01,5.548471552007859131e+00,3.026765251159667969e+01,1.357654285430908203e+01,5.905949115753173828e+00
2.408897388438063203e+01,1.124152114604429364e+01,4.817794776876127116e+00,3.037988281250000000e+01,1.363934803009033203e+01,5.932721614837646484e+00
2.452620680223574823e+01,1.144556317437668191e+01,4.905241360447150534e+00,3.034710884094238281e+01,1.361071681976318359e+01,5.922875404357910156e+00
2.664484339021072046e+01,1.243426024876500158e+01,5.328968678042144802e+00,3.032105064392089844e+01,1.359951114654541016e+01,5.919246673583984375e+00
2.120015806419604587e+01,9.893407096624821762e+00,4.240031612839210595e+00,3.038264465332031250e+01,1.363253879547119141e+01,5.932271957397460938e+00
2.566566506292899774e+01,1.197731036270019800e+01,5.133133012585800792e+00,3.020711326599121094e+01,1.354359054565429688e+01,5.895686149597167969e+00
2.497009655344229273e+01,1.165271172493973495e+01,4.994019310688459612e+00,3.022312355041503906e+01,1.356958770751953125e+01,5.903694629669189453e+00
2.590260971638805643e+01,1.208788453431442456e+01,5.180521943277612174e+00,3.023402595520019531e+01,1.357467269897460938e+01,5.904343605041503906e+00
2.524950752046628821e+01,1.178310350955093355e+01,5.049901504093257998e+00,3.027920341491699219e+01,1.359729099273681641e+01,5.913021564483642578e+00
3.170689546027024974e+01,1.479655121479278002e+01,6.341379092054049593e+00,3.029983520507812500e+01,1.360198783874511719e+01,5.915833473205566406e+00
2.238903069812459634e+01,1.044821432579147569e+01,4.477806139624919801e+00,3.060932731628417969e+01,1.374242496490478516e+01,5.976825714111328125e+00
2.267279545805586594e+01,1.058063788042606923e+01,4.534559091611173542e+00,3.052055358886718750e+01,1.366083431243896484e+01,5.951163768768310547e+00
2.236219325993726059e+01,1.043569018797072090e+01,4.472438651987452829e+00,3.038774871826171875e+01,1.360329914093017578e+01,5.929654598236083984e+00
2.253331995410213295e+01,1.051554931191432907e+01,4.506663990820428012e+00,3.024531555175781250e+01,1.354961681365966797e+01,5.904843330383300781e+00
2.225804618548080782e+01,1.038708821989104258e+01,4.451609237096161742e+00,3.011725044250488281e+01,1.350880336761474609e+01,5.882495880126953125e+00
2.771004542929909675e+01,1.293135453367290921e+01,5.542009085859818995e+00,2.999241638183593750e+01,1.346960353851318359e+01,5.859976291656494141e+00
2.837963882254004133e+01,1.324383145051868382e+01,5.675927764508008622e+00,3.012563896179199219e+01,1.355225181579589844e+01,5.888239383697509766e+00
2.238337084846667224e+01,1.044557306261777896e+01,4.476674169693334981e+00,3.031708145141601562e+01,1.363154220581054688e+01,5.921412944793701172e+00
2.157838844871384509e+01,1.006991460939979355e+01,4.315677689742769552e+00,3.023615837097167969e+01,1.357050228118896484e+01,5.900980472564697266e+00
2.547191681687064246e+01,1.188689451453963208e+01,5.094383363374129559e+00,3.007849311828613281e+01,1.350398921966552734e+01,5.873555660247802734e+00
2.238559276737351666e+01,1.044660995810763993e+01,4.477118553474704221e+00,3.010661697387695312e+01,1.353378963470458984e+01,5.882740974426269531e+00
2.592803239496475598e+01,1.209974845098355090e+01,5.185606478992951907e+00,3.001177597045898438e+01,1.348990631103515625e+01,5.862384319305419922e+00
2.462736860411929740e+01,1.149277201525567094e+01,4.925473720823860369e+00,3.007398223876953125e+01,1.353117752075195312e+01,5.876914024353027344e+00
1.946312286622167420e+01,9.082790670903447605e+00,3.892624573244335640e+00,3.009627914428710938e+01,1.353627490997314453e+01,5.879010677337646484e+00
2.864702189922750009e+01,1.336861021963949803e+01,5.729404379845500550e+00,2.987604331970214844e+01,1.343083667755126953e+01,5.835366249084472656e+00
2.938868853350438570e+01,1.371472131563537644e+01,5.877737706700877141e+00,3.005822944641113281e+01,1.354134750366210938e+01,5.876969814300537109e+00
2.216163891689883059e+01,1.034209816121945380e+01,4.432327783379767183e+00,3.031070137023925781e+01,1.364258766174316406e+01,5.920787811279296875e+00
2.283824851190147598e+01,1.065784930555402177e+01,4.567649702380295551e+00,3.023454475402832031e+01,1.357463741302490234e+01,5.900015354156494141e+00
2.486269812777056742e+01,1.160259245962626373e+01,4.972539625554114551e+00,3.014173316955566406e+01,1.353524112701416016e+01,5.885758876800537109e+00
2.501461767554722115e+01,1.167348824858870238e+01,5.002923535109444764e+00,3.014265441894531250e+01,1.354496955871582031e+01,5.888259887695312500e+00
2.599542167843657836e+01,1.213119678327040063e+01,5.199084335687316205e+00,3.015556526184082031e+01,1.355367088317871094e+01,5.890300273895263672e+00
3.006133696384032206e+01,1.402862391645881246e+01,6.012267392768063878e+00,3.022843933105468750e+01,1.358467674255371094e+01,5.903937816619873047e+00
2.351320241632767960e+01,1.097282779428624977e+01,4.702640483265536631e+00,3.048156356811523438e+01,1.369437026977539062e+01,5.952343940734863281e+00
2.166485548972188369e+01,1.011026589520354513e+01,4.332971097944377625e+00,3.044959449768066406e+01,1.364624881744384766e+01,5.939795494079589844e+00
1.993986886807606140e+01,9.305272138435494611e+00,3.987973773615212991e+00,3.029041290283203125e+01,1.356994438171386719e+01,5.911151885986328125e+00
2.190548468340543309e+01,1.022255951892253556e+01,4.381096936681087683e+00,3.004296875000000000e+01,1.347057247161865234e+01,5.866748332977294922e+00
2.402170303835327658e+01,1.121012808456486098e+01,4.804340607670655849e+00,2.988383674621582031e+01,1.342945671081542969e+01,5.840954303741455078e+00
2.952991788509469728e+01,1.378062834637752232e+01,5.905983577018939279e+00,2.985161209106445312e+01,1.344003868103027344e+01,5.836573123931884766e+00
2.262091174522493731e+01,1.055642548110497003e+01,4.524182349044988172e+00,3.010068511962890625e+01,1.356585788726806641e+01,5.884642601013183594e+00
2.487494180139634281e+01,1.160830617398495868e+01,4.974988360279269273e+00,3.006646537780761719e+01,1.352271652221679688e+01,5.870869636535644531e+00
2.418646006940879190e+01,1.128701469905743515e+01,4.837292013881758557e+00,3.008907890319824219e+01,1.353607368469238281e+01,5.877965450286865234e+00
2.783536441377735215e+01,1.298983672642942722e+01,5.567072882755470076e+00,3.009057044982910156e+01,1.353207874298095703e+01,5.877614974975585938e+00
3.188772996880467403e+01,1.488094065210884409e+01,6.377545993760934451e+00,3.024450683593750000e+01,1.360434913635253906e+01,5.908334732055664062e+00
2.275335238946339089e+01,1.061823111508291362e+01,4.550670477892678534e+00,3.058852767944335938e+01,1.374654960632324219e+01,5.972488403320312500e+00
2.291892712561496026e+01,1.069549932528698122e+01,4.583785425122992585e+00,3.053320312500000000e+01,1.367313766479492188e+01,5.953292846679687500e+00
2.756325925240324182e+01,1.286285431778817667e+01,5.512651850480648541e+00,3.041054916381835938e+01,1.361669635772705078e+01,5.933605194091796875e+00
2.652221115104807936e+01,1.237703187048910181e+01,5.304442230209616582e+00,3.049214172363281250e+01,1.366693687438964844e+01,5.953206062316894531e+00
3.006462725339349973e+01,1.403015938491696346e+01,6.012925450678699768e+00,3.055959701538085938e+01,1.368725109100341797e+01,5.963451862335205078e+00
2.632644865721838556e+01,1.228567604003524494e+01,5.265289731443677290e+00,3.077267646789550781e+01,1.377803897857666016e+01,6.004603385925292969e+00
2.354911654332431681e+01,1.098958772021801344e+01,4.709823308664863539e+00,3.082150459289550781e+01,1.377292346954345703e+01,6.009112834930419922e+00
2.645343550050367654e+01,1.234493656690171370e+01,5.290687100100735840e+00,3.071543312072753906e+01,1.371202564239501953e+01,5.988329410552978516e+00
2.806418717892121251e+01,1.309662068349656394e+01,5.612837435784242324e+00,3.071907806396484375e+01,1.372335815429687500e+01,5.992769718170166016e+00
2.725823334875913417e+01,1.272050889608759228e+01,5.451646669751826657e+00,3.080390739440917969e+01,1.376387977600097656e+01,6.009064197540283203e+00
2.637940074069564744e+01,1.231038701232463417e+01,5.275880148139130199e+00,3.086860656738281250e+01,1.378223609924316406e+01,6.019321918487548828e+00
2.812045064355135793e+01,1.312287696699062955e+01,5.624090128710271586e+00,3.088606834411621094e+01,1.377999496459960938e+01,6.021657466888427734e+00
2.849319356167800876e+01,1.329682366211640243e+01,5.698638712335601930e+00,3.097139549255371094e+01,1.381508541107177734e+01,6.038827419281005859e+00
2.919866944451604240e+01,1.362604574077414910e+01,5.839733888903208658e+00,3.107067871093750000e+01,1.385007190704345703e+01,6.056646347045898438e+00
2.706718726110847584e+01,1.263135405518395338e+01,5.413437452221695700e+00,3.119045829772949219e+01,1.389251613616943359e+01,6.078559875488281250e+00
2.469051928726682021e+01,1.152224233405784837e+01,4.938103857453364220e+00,3.120101737976074219e+01,1.388113880157470703e+01,6.078240871429443359e+00
2.570475428689583808e+01,1.199555200055139004e+01,5.140950857379168681e+00,3.109696197509765625e+01,1.382530498504638672e+01,6.057937622070312500e+00
2.895877358952974845e+01,1.351409434178054703e+01,5.791754717905949867e+00,3.102075958251953125e+01,1.380059528350830078e+01,6.046208381652832031e+00
2.296493763914484987e+01,1.071697089826759530e+01,4.592987527828970684e+00,3.109934997558593750e+01,1.384769821166992188e+01,6.063387870788574219e+00
2.660009675023207620e+01,1.241337848344163497e+01,5.320019350046416129e+00,3.092504119873046875e+01,1.375885391235351562e+01,6.025714874267578125e+00
2.439419366849890380e+01,1.138395704529948738e+01,4.878838733699781827e+00,3.088593482971191406e+01,1.376346111297607422e+01,6.023298740386962891e+00
2.574234925214548042e+01,1.201309631766788932e+01,5.148469850429096439e+00,3.078744697570800781e+01,1.372239685058593750e+01,6.003203392028808594e+00
2.957511231595927725e+01,1.380171908078099285e+01,5.915022463191855095e+00,3.074689674377441406e+01,1.371781349182128906e+01,5.997479438781738281e+00
2.639839940473299151e+01,1.231925305554206140e+01,5.279679880946599013e+00,3.088380622863769531e+01,1.379166507720947266e+01,6.025114536285400391e+00
2.605142717657808404e+01,1.215733268240310316e+01,5.210285435315617164e+00,3.090113067626953125e+01,1.378520870208740234e+01,6.024127960205078125e+00
2.192119954761258072e+01,1.022989312221920422e+01,4.384239909522516854e+00,3.087952995300292969e+01,1.377289772033691406e+01,6.020296096801757812e+00
2.832977909206492839e+01,1.322056357629696421e+01,5.665955818412985678e+00,3.067443847656250000e+01,1.367699909210205078e+01,5.980188846588134766e+00
2.811928492706025295e+01,1.312233296596144783e+01,5.623856985412050591e+00,3.074575614929199219e+01,1.373488998413085938e+01,5.999983310699462891e+00
3.276593712981551931e+01,1.529077066058057000e+01,6.553187425963103330e+00,3.083932876586914062e+01,1.377444839477539062e+01,6.015262603759765625e+00
2.544766796693878064e+01,1.187557838457142978e+01,5.089533593387757016e+00,3.113242721557617188e+01,1.390256118774414062e+01,6.071436405181884766e+00
2.712473569088956538e+01,1.265820998908179540e+01,5.424947138177913075e+00,3.111265754699707031e+01,1.385480594635009766e+01,6.059792995452880859e+00
2.731313072670102216e+01,1.274612767246047440e+01,5.462626145340204076e+00,3.111883544921875000e+01,1.385382938385009766e+01,6.063948631286621094e+00
3.139640764351924673e+01,1.465165690030897849e+01,6.279281528703848814e+00,3.112959861755371094e+01,1.385516834259033203e+01,6.066378116607666016e+00
2.647856451911532005e+01,1.235666344225381508e+01,5.295712903823065254e+00,3.131676101684570312e+01,1.394049739837646484e+01,6.103795528411865234e+00
2.770321337342708645e+01,1.292816624093263655e+01,5.540642674685416935e+00,3.129825401306152344e+01,1.390726661682128906e+01,6.094814777374267578e+00
2.879278918961477629e+01,1.343663495515355955e+01,5.758557837922955613e+00,3.130549240112304688e+01,1.390846824645996094e+01,6.098199844360351562e+00
2.763308948293263967e+01,1.289544175870189413e+01,5.526617896586527579e+00,3.136381912231445312e+01,1.393203830718994141e+01,6.109859466552734375e+00
2.583929516773517321e+01,1.205833774494307953e+01,5.167859033547035352e+00,3.137030220031738281e+01,1.392667198181152344e+01,6.109684944152832031e+00
2.786732792190712615e+01,1.300475303022332341e+01,5.573465584381425586e+00,3.128415679931640625e+01,1.388453865051269531e+01,6.092763423919677734e+00
3.061350206453688116e+01,1.428630096345054135e+01,6.122700412907375878e+00,3.128852462768554688e+01,1.389478302001953125e+01,6.096096515655517578e+00
2.442165168644664064e+01,1.139677078700843005e+01,4.884330337289328305e+00,3.141948127746582031e+01,1.395776748657226562e+01,6.121859073638916016e+00
2.800969703109660713e+01,1.307119194784507954e+01,5.601939406219321071e+00,3.129113388061523438e+01,1.388073158264160156e+01,6.092043876647949219e+00
2.562097196316497971e+01,1.195645358281032244e+01,5.124194392632996475e+00,3.128916168212890625e+01,1.389438247680664062e+01,6.096426963806152344e+00
3.141793243222833354e+01,1.466170180170655257e+01,6.283586486445666530e+00,3.119577789306640625e+01,1.385280895233154297e+01,6.077063560485839844e+00
2.337555539182485376e+01,1.090859251618492998e+01,4.675111078364971640e+00,3.135737037658691406e+01,1.394094848632812500e+01,6.111869812011718750e+00
2.638149692121966439e+01,1.231136522990250981e+01,5.276299384243933410e+00,3.119087028503417969e+01,1.384392929077148438e+01,6.073030948638916016e+00
2.930382080360435637e+01,1.367511637501536370e+01,5.860764160720871807e+00,3.112666511535644531e+01,1.383189964294433594e+01,6.065984249114990234e+00
3.298341261432084792e+01,1.539225922001639368e+01,6.596682522864169229e+00,3.120153617858886719e+01,1.387877368927001953e+01,6.082006931304931641e+00
2.820492899007231102e+01,1.316230019536707552e+01,5.640985798014462205e+00,3.145506668090820312e+01,1.399178028106689453e+01,6.129979610443115234e+00
2.685255914256262599e+01,1.253119426652922286e+01,5.370511828512525732e+00,3.150224876403808594e+01,1.398347949981689453e+01,6.132543563842773438e+00
3.427819996100377153e+01,1.599649331513509054e+01,6.855639992200754484e+00,3.146485137939453125e+01,1.395325183868408203e+01,6.125307083129882812e+00
2.440780505124367750e+01,1.139030902391371569e+01,4.881561010248736565e+00,3.173176002502441406e+01,1.408034706115722656e+01,6.181190490722656250e+00
2.227304555772890282e+01,1.039408792694015382e+01,4.454609111545781985e+00,3.159020233154296875e+01,1.397813129425048828e+01,6.144563198089599609e+00
3.030757490061328951e+01,1.414353495361953073e+01,6.061514980122657548e+00,3.129364776611328125e+01,1.385249805450439453e+01,6.091397285461425781e+00
2.759984344329803463e+01,1.287992694020574724e+01,5.519968688659607103e+00,3.135914993286132812e+01,1.391868114471435547e+01,6.112421512603759766e+00
2.616113837727843716e+01,1.220853124272993462e+01,5.232227675455687788e+00,3.135368537902832031e+01,1.391336917877197266e+01,6.107223033905029297e+00
3.146904873531633484e+01,1.468555607648095318e+01,6.293809747063266791e+00,3.127699279785156250e+01,1.388045120239257812e+01,6.092006683349609375e+00
3.019478513757212923e+01,1.409089973086699032e+01,6.038957027514425313e+00,3.143260383605957031e+01,1.396410846710205078e+01,6.125301837921142578e+00
2.789076474525054650e+01,1.301569021445025243e+01,5.578152949050108944e+00,3.155792617797851562e+01,1.400477886199951172e+01,6.145321846008300781e+00
2.586187291399850707e+01,1.206887402653263663e+01,5.172374582799702303e+00,3.156434440612792969e+01,1.399067974090576172e+01,6.144025325775146484e+00
3.244006217986808593e+01,1.513869568393843679e+01,6.488012435973617542e+00,3.145756912231445312e+01,1.393693351745605469e+01,6.123535156250000000e+00
3.189326894737200746e+01,1.488352550877359981e+01,6.378653789474401314e+00,3.163663291931152344e+01,1.403116226196289062e+01,6.162873268127441406e+00
2.976513627223985736e+01,1.389039692704526452e+01,5.953027254447971650e+00,3.181226158142089844e+01,1.409307575225830078e+01,6.192529201507568359e+00
3.572254784115845894e+01,1.667052232587394300e+01,7.144509568231691254e+00,3.188449859619140625e+01,1.410166168212890625e+01,6.202939987182617188e+00
2.709228220867445458e+01,1.264306503071474275e+01,5.418456441734891271e+00,3.217905044555664062e+01,1.422863674163818359e+01,6.262320041656494141e+00
2.584573946265885525e+01,1.206134508257413174e+01,5.169147892531771760e+00,3.212094116210937500e+01,1.415676307678222656e+01,6.241867065429687500e+00
2.846620037013904536e+01,1.328422683939821880e+01,5.693240074027809072e+00,3.194600868225097656e+01,1.407496356964111328e+01,6.210980415344238281e+00
3.052456041103328488e+01,1.424479485848219795e+01,6.104912082206657153e+00,3.187396049499511719e+01,1.406105422973632812e+01,6.202029705047607422e+00
3.151046452497314476e+01,1.470488344498746436e+01,6.302092904994628597e+00,3.190874862670898438e+01,1.408970355987548828e+01,6.210106849670410156e+00
3.017555446593808810e+01,1.408192541743777149e+01,6.035110893187617620e+00,3.201000213623046875e+01,1.413448810577392578e+01,6.228536128997802734e+00
3.207388605018645222e+01,1.496781349008700701e+01,6.414777210037289734e+00,3.205770111083984375e+01,1.414414310455322266e+01,6.235158920288085938e+00
2.738115113573309500e+01,1.277787053000877471e+01,5.476230227146619001e+00,3.216470718383789062e+01,1.418908500671386719e+01,6.256423473358154297e+00
3.558465907447445886e+01,1.660617423475474297e+01,7.116931814894891239e+00,3.208331298828125000e+01,1.413213634490966797e+01,6.236612796783447266e+00
3.112400638853396728e+01,1.452453631464918082e+01,6.224801277706792924e+00,3.232986831665039062e+01,1.425534820556640625e+01,6.290407180786132812e+00
3.483889255770206717e+01,1.625814986026096065e+01,6.967778511540412723e+00,3.240126037597656250e+01,1.425919628143310547e+01,6.297072887420654297e+00
3.263113260397993542e+01,1.522786188185729905e+01,6.526226520795986197e+00,3.260262680053710938e+01,1.434087085723876953e+01,6.337604999542236328e+00
3.308852665750200117e+01,1.544131244016759830e+01,6.617705331500400412e+00,3.271109771728515625e+01,1.436172389984130859e+01,6.354190349578857422e+00
3.354219074273868983e+01,1.565302234661138669e+01,6.708438148547737789e+00,3.280355072021484375e+01,1.438746166229248047e+01,6.371627330780029297e+00
3.328990438414410136e+01,1.553528871260057720e+01,6.657980876828819561e+00,3.290411376953125000e+01,1.441790676116943359e+01,6.390362739562988281e+00
3.398805742580941569e+01,1.586109346537772247e+01,6.797611485161882072e+00,3.298563766479492188e+01,1.443841075897216797e+01,6.404756069183349609e+00
3.615963392903105245e+01,1.687449583354781879e+01,7.231926785806209956e+00,3.308498764038085938e+01,1.447009754180908203e+01,6.423530578613281250e+00
3.287315871053591110e+01,1.534080739825008877e+01,6.574631742107182042e+00,3.325635910034179688e+01,1.453685188293457031e+01,6.456764221191406250e+00
3.452111029231640060e+01,1.610985146974764959e+01,6.904222058463280298e+00,3.328717422485351562e+01,1.452513027191162109e+01,6.458062171936035156e+00
3.223444017439408071e+01,1.504273874805056721e+01,6.446888034878815787e+00,3.336234283447265625e+01,1.455126094818115234e+01,6.474080085754394531e+00
3.693254371218642262e+01,1.723518706568699344e+01,7.386508742437284170e+00,3.333002853393554688e+01,1.452404594421386719e+01,6.465591430664062500e+00
3.069051560719482907e+01,1.432224061669091597e+01,6.138103121438965637e+00,3.349153137207031250e+01,1.459991550445556641e+01,6.500628471374511719e+00
3.822892753072355276e+01,1.784016618100432083e+01,7.645785506144710197e+00,3.340498733520507812e+01,1.453501510620117188e+01,6.476951122283935547e+00
3.281091415496010910e+01,1.531175993898138188e+01,6.562182830992021820e+00,3.359546661376953125e+01,1.463495159149169922e+01,6.521100044250488281e+00
2.874317363496695776e+01,1.341348102965124411e+01,5.748634726993391730e+00,3.358385467529296875e+01,1.460405540466308594e+01,6.511483192443847656e+00
3.352270859433900085e+01,1.564393067735819542e+01,6.704541718867799815e+00,3.336689376831054688e+01,1.449943447113037109e+01,6.468312263488769531e+00
3.119687948792775245e+01,1.455854376103294889e+01,6.239375897585550668e+00,3.333824539184570312e+01,1.451263427734375000e+01,6.470189571380615234e+00
3.586231051535425962e+01,1.673574490716531571e+01,7.172462103070850858e+00,3.323996734619140625e+01,1.447313308715820312e+01,6.449300289154052734e+00
3.148151711560045030e+01,1.469137465394687325e+01,6.296303423120090059e+00,3.334490585327148438e+01,1.453742885589599609e+01,6.473702907562255859e+00
3.219847088475207642e+01,1.502595307955096438e+01,6.439694176950414573e+00,3.327742385864257812e+01,1.449670886993408203e+01,6.455480098724365234e+00
2.796461698159963305e+01,1.305015459141315937e+01,5.592923396319926077e+00,3.322939300537109375e+01,1.448179149627685547e+01,6.448198318481445312e+00
3.237108453669578978e+01,1.510650611712469882e+01,6.474216907339157778e+00,3.300094985961914062e+01,1.438146877288818359e+01,6.402470111846923828e+00
2.654963996524238112e+01,1.238983198377977679e+01,5.309927993048477290e+00,3.295685577392578125e+01,1.439166450500488281e+01,6.400617599487304688e+00
2.916131459901682987e+01,1.360861347954118372e+01,5.832262919803365975e+00,3.269564437866210938e+01,1.427836036682128906e+01,6.346607685089111328e+00
3.628444752633188131e+01,1.693274217895487510e+01,7.256889505266375551e+00,3.253788757324218750e+01,1.424174594879150391e+01,6.322293758392333984e+00
3.644918265457232565e+01,1.700961857213374628e+01,7.289836530914464596e+00,3.271878433227539062e+01,1.435457992553710938e+01,6.362188339233398438e+00
3.545509662237966353e+01,1.654571175711050657e+01,7.091019324475932528e+00,3.294678878784179688e+01,1.444631004333496094e+01,6.401409626007080078e+00
3.136306669168599370e+01,1.463609778945346029e+01,6.272613338337198918e+00,3.312184143066406250e+01,1.450082492828369141e+01,6.430891036987304688e+00
3.420442641254587812e+01,1.596206565918807208e+01,6.840885282509175269e+00,3.310613250732421875e+01,1.446489429473876953e+01,6.423394203186035156e+00
3.441857915888310515e+01,1.606200360747877909e+01,6.883715831776621386e+00,3.317381286621093750e+01,1.449399566650390625e+01,6.439864158630371094e+00
3.103434599820982953e+01,1.448269479916458380e+01,6.206869199641965373e+00,3.325727844238281250e+01,1.452122020721435547e+01,6.455032825469970703e+00
3.909788683648137919e+01,1.824568052369130555e+01,7.819577367296274950e+00,3.318370056152343750e+01,1.447395420074462891e+01,6.437793731689453125e+00
3.729619371719631715e+01,1.740489040135827636e+01,7.459238743439263075e+00,3.343774414062500000e+01,1.460023784637451172e+01,6.493534564971923828e+00
3.407576440951519459e+01,1.590202339110708607e+01,6.815152881903038029e+00,3.363237762451171875e+01,1.466100692749023438e+01,6.525137901306152344e+00
3.489197037956215297e+01,1.628291951046233521e+01,6.978394075912430772e+00,3.367722702026367188e+01,1.465030002593994141e+01,6.529124736785888672e+00
3.550719125120758690e+01,1.657002258389687199e+01,7.101438250241517203e+00,3.372845840454101562e+01,1.466102409362792969e+01,6.540085792541503906e+00
2.882561583090150137e+01,1.345195405442069791e+01,5.765123166180300629e+00,3.378886413574218750e+01,1.467986392974853516e+01,6.551958560943603516e+00
3.427608593374154822e+01,1.599550676907938573e+01,6.855217186748309821e+00,3.356678390502929688e+01,1.456187248229980469e+01,6.503938198089599609e+00
3.303645474270452098e+01,1.541701221326210813e+01,6.607290948540904374e+00,3.353899383544921875e+01,1.457714653015136719e+01,6.507043838500976562e+00
3.214030512007207818e+01,1.499880905603363423e+01,6.428061024014415814e+00,3.349989318847656250e+01,1.456329631805419922e+01,6.498034477233886719e+00
3.436256311494175009e+01,1.603586278697281386e+01,6.872512622988350195e+00,3.342418289184570312e+01,1.453461742401123047e+01,6.483272075653076172e+00
4.065754086976448889e+01,1.897351907255675840e+01,8.131508173952898488e+00,3.345046997070312500e+01,1.455761718750000000e+01,6.490775585174560547e+00
3.724352150302276243e+01,1.738031003474395320e+01,7.448704300604552131e+00,3.374396133422851562e+01,1.469785118103027344e+01,6.550521850585937500e+00
3.366184014297454752e+01,1.570885873338811933e+01,6.732368028594908793e+00,3.392424011230468750e+01,1.474380016326904297e+01,6.577392101287841797e+00
3.714535795315808997e+01,1.733450037814043654e+01,7.429071590631616928e+00,3.391638565063476562e+01,1.471154785156250000e+01,6.571626663208007812e+00
