time,load_power,fuel_cell_power,battery_power,supercap_power
0,52.483570765056164,31.4901424590337,14.695399814215724,6.2980284918067415
1,49.50866516107741,29.705199096646446,13.862426245101673,5.941039819329291
2,53.6383360323698,32.18300161942188,15.018734089063543,6.436600323884377
3,58.21478934683457,34.928873608100744,16.300141017113678,6.98577472162015
4,49.628380066075046,29.777028039645025,13.895946418501014,5.955405607929007
5,49.82764938172238,29.89658962903343,13.951741826882266,5.979317925806686
6,59.09318615042615,35.45591169025569,16.546092122119322,7.091182338051137
7,55.23260479220691,33.139562875324145,15.465129341817931,6.62791257506483
8,49.2458101364677,29.54748608188062,13.788826838210957,5.909497216376126
9,54.50309595218807,32.70185757131284,15.260866866612657,6.540371514262569
10,49.6696048438883,29.80176290633298,13.907489356288725,5.960352581266598
11,49.85364746295741,29.912188477774446,13.959021289628074,5.982437695554891
12,53.58683762210151,32.152102573260905,15.004314534188424,6.430420514652184
13,43.00440429563256,25.802642577379537,12.041233202777116,5.160528515475908
14,44.138967323075974,26.483380393845582,12.358910850461273,5.296676078769119
15,50.14376442040853,30.086258652245117,14.040254037714387,6.017251730449026
16,48.081510004489054,28.848906002693433,13.462822801256934,5.769781200538688
17,54.906107584384515,32.94366455063071,15.373710123627664,6.588732910126144
18,48.98262195514485,29.38957317308691,13.715134147440558,5.877914634617383
19,46.64768618745337,27.988611712472018,13.061352132486943,5.597722342494405
20,61.22242726769427,36.733456360616564,17.142279634954395,7.346691272123312
21,52.94872302816302,31.769233816897813,14.825642447885645,6.353846763379565
22,54.597035674099615,32.75822140445977,15.287169988747893,6.551644280891955
23,47.31574013858792,28.38944408315275,13.248407238804619,5.677888816630551
24,51.895878132788916,31.13752687967335,14.530845877180896,6.227505375934671
25,55.348868334591366,33.20932100075482,15.497683133685582,6.641864200150964
26,49.21383349132586,29.52830009479551,13.779873377571242,5.905660018959104
27,57.01985000825949,34.21191000495569,15.965558002312658,6.84238200099114
28,52.30866852961481,31.385201117768887,14.646427188292147,6.277040223553779
29,54.02177061895235,32.41306237137141,15.126095773306659,6.482612474274283
30,52.63789167280337,31.58273500368202,14.738609668384942,6.316547000736406
31,65.07174252791773,39.04304551675064,18.220087907816968,7.808609103350129
32,55.90446828993425,33.54268097396055,15.653251121181588,6.708536194792112
33,50.842613874954836,30.5055683249729,14.235931884987355,6.101113664994582
34,60.40065480070063,36.24039288042037,16.912183344196176,7.24807857608408
35,50.3379586225218,30.202775173513082,14.094628414306104,6.040555034702617
36,57.638164694738514,34.582898816843105,16.138686114526784,6.916579763368624
37,46.94452849688257,28.166717098129542,13.144467979127118,5.633343419625909
38,50.24828420661336,30.148970523968018,14.069519577851741,6.029794104793604
39,58.01710037134972,34.81026022280983,16.24478810397792,6.962052044561968
40,60.86589380897228,36.51953628538337,17.042450266512237,7.303907257076677
41,58.16829970321881,34.90097982193128,16.28712391690127,6.980195964386258
42,56.86818978776739,34.12091387266043,15.923093140574872,6.824182774532089
43,56.072907151006326,33.64374429060379,15.700414002281773,6.7287488581207615
44,50.31477883715255,30.18886730229153,14.088138074402714,6.0377734604583075
45,54.23404805430129,32.54042883258077,15.18553345520436,6.508085766516157
46,55.65282234556473,33.391693407338835,15.582790256758125,6.678338681467769
47,63.36119213514572,38.01671528108743,17.741133797840803,7.60334305621749
48,59.910007130852286,35.94600427851137,16.774801996638644,7.189200855702275
49,49.489772928106035,29.69386375686362,13.85713641986969,5.938772751372724
50,60.03512969505294,36.02107781703176,16.809836314614824,7.204215563406354
51,56.59566881741205,33.95740129044723,15.84678726887537,6.791480258089447
52,55.23943227090359,33.14365936254215,15.467041035853006,6.628731872508434
53,61.781936267654196,37.069161760592515,17.298942154943177,7.413832352118504
54,63.97457568132923,38.384745408797535,17.912881190772183,7.67694908175951
55,63.568474196195346,38.1410845177172,17.7991727749347,7.628216903543443
56,54.80491680565186,32.882950083391115,15.345376705582519,6.576590016678223
57,57.54027308190276,34.52416384914166,16.11127646293277,6.904832769828332
58,60.82434824473548,36.49460894684129,17.030817508525935,7.298921789368258
59,64.123785759692,38.4742714558152,17.95466001271376,7.69485429116304
60,56.92451967044581,34.154711802267485,15.938865507724827,6.8309423604534985
61,58.46269867987159,35.07761920792296,16.369555630364044,7.015523841584592
62,53.92616512446524,32.355699074679144,15.099326234850269,6.47113981493583
63,53.53987029550181,32.12392217730108,14.991163682740506,6.424784435460218
64,63.64278771486324,38.18567262891794,17.819980560161707,7.6371345257835905
65,66.41678199702605,39.85006919821563,18.596698959167295,7.970013839643126
66,59.327100393280986,35.59626023596859,16.611588110118674,7.119252047193719
67,64.75250990641331,38.85150594384798,18.130702773795726,7.770301188769601
68,61.58682614959134,36.9520956897548,17.244311321885576,7.390419137950964
69,56.592936530697976,33.95576191841879,15.846022228595432,6.791152383683757
70,61.66147532742667,36.996885196456,17.26521309167947,7.399377039291203
71,67.57670046084704,40.54602027650822,18.921476129037167,8.109204055301646
72,59.735453286367104,35.84127197182026,16.72592692018279,7.168254394364052
73,67.76190191318648,40.65714114791189,18.97333253569221,8.13142822958238
74,46.860082924927674,28.116049754956602,13.12082321897975,5.623209950991322
75,64.08446238791666,38.45067743274999,17.943649468616666,7.690135486550002
76,60.42233678094669,36.25340206856801,16.918254298665072,7.2506804137136065
77,58.50022155372545,35.10013293223527,16.380062035043128,7.020026586447056
78,60.458221084977176,36.2749326509863,16.92830190379361,7.2549865301972645
79,50.06173189198294,30.03703913518976,14.017284929755222,6.007407827037953
80,58.89737659122749,35.33842595473649,16.491265445543696,7.0676851909473015
81,61.77346029226397,37.06407617535838,17.29656888183391,7.41281523507168
82,67.36553403689932,40.41932042213959,18.86234953033181,8.083864084427919
83,57.36888880779713,34.421333284678276,16.063288866183196,6.8842666569356545
84,55.89796400751482,33.53877840450889,15.651429922104152,6.707755680901782
85,57.407862886602,34.4447177319612,16.074201608248558,6.888943546392241
86,64.46590824855738,38.67954494913443,18.050454309596066,7.735908989826886
87,61.50094733665396,36.90056840199237,17.220265254263108,7.380113680398477
88,57.17274215254099,34.303645291524596,16.008367802711476,6.860729058304919
89,62.34830323364723,37.40898194018833,17.457524905421227,7.481796388037669
90,60.22386405552216,36.13431843331329,16.862681935546206,7.226863686662661
91,64.53431624146901,38.72058974488141,18.069608547611324,7.744117948976282
92,56.129564492137725,33.677738695282635,15.716278057798561,6.735547739056528
93,57.9464020978003,34.76784125868018,16.224992587384087,6.953568251736037
94,57.565221177055165,34.5391327062331,16.118261929575446,6.907826541246621
95,52.14542613621356,31.287255681728134,14.600719318139797,6.257451136345628
96,60.87705612217613,36.526233673305676,17.045575714209317,7.305246734661136
97,60.63142650112145,36.37885590067287,16.97679942031401,7.275771180134576
98,59.27768249109399,35.56660949465639,16.59775109750632,7.113321898931282
99,58.00144388594236,34.800866331565416,16.240404288063857,6.960173266313085
100,52.016120558004744,31.209672334802846,14.564513756241327,6.24193446696057
101,56.904705301399474,34.142823180839684,15.933317484391852,6.828564636167938
102,57.20571392689995,34.32342835613997,16.017599899531987,6.8646856712279956
103,54.815687162051645,32.88941229723098,15.348392405374463,6.577882459446199
104,57.92490123674512,34.75494074204707,16.218972346288638,6.950988148409415
105,60.65234795056143,36.39140877033685,16.9826574261572,7.278281754067375
106,67.96033432158141,40.77620059294885,19.028893610042797,8.15524011858977
107,59.29619338052565,35.577716028315386,16.602934146547184,7.11554320566308
108,59.60158656140065,35.76095193684039,16.68844423719218,7.15219038736808
109,57.828809897382904,34.697285938429744,16.19206677126721,6.939457187685949
110,48.49110796170069,29.094664777020412,13.577510229276195,5.818932955404085
111,57.83308534511478,34.69985120706887,16.19326389663214,6.939970241413775
112,58.14431030054933,34.886586180329594,16.280406884153813,6.977317236065922
113,70.03373718262769,42.02024230957661,19.609446411135753,8.404048461915327
114,56.62700225790361,33.976201354742166,15.855560632213011,6.795240270948435
115,58.96478883343526,35.37887330006115,16.510140873361873,7.075774660012232
116,57.14875559177629,34.289253355065775,16.00165156569736,6.857850671013157
117,51.341257742593605,30.804754645556162,14.375552167926209,6.160950929111234
118,62.758221730276865,37.65493303816612,17.57230208447752,7.530986607633224
119,60.66041499900324,36.39624899940194,16.984916199720907,7.27924979988039
120,60.70979154072674,36.425874924436044,16.998741631403487,7.28517498488721
121,52.05887473881831,31.235324843290986,14.576484926869126,6.247064968658199
122,63.4683215380242,38.08099292281452,17.771130030646777,7.616198584562905
123,49.291050985997515,29.574630591598506,13.801494276079305,5.914926118319704
124,59.07802804705847,35.44681682823508,16.54184785317637,7.089363365647017
125,66.93699957008945,40.16219974205367,18.742359879625045,8.032439948410737
126,50.87062486958738,30.522374921752427,14.243774963484467,6.104474984350487
127,52.828073656473165,31.696844193883898,14.791860623812486,6.339368838776782
128,55.99181118970947,33.59508671382568,15.677707133118654,6.71901734276514
129,52.80797080497521,31.684782482985128,14.786231825393058,6.336956496597027
130,47.40169656288398,28.441017937730386,13.272475037607514,5.688203587546077
131,55.32543129814852,33.19525877888911,15.491120763481586,6.639051755777825
132,49.496707581255954,29.698024548753573,13.859078122751667,5.939604909750715
133,56.99987480247936,34.19992488148762,15.95996494469422,6.839984976297524
134,49.856625274249694,29.913975164549814,13.959855076789916,5.982795032909964
135,62.023470827425996,37.214082496455596,17.366571831679277,7.442816499291123
136,50.175875235038994,30.105525141023396,14.049245065810918,6.02110502820468
137,52.298540207956144,31.379124124773686,14.643591258227719,6.275824824954739
138,57.79157648109891,34.674945888659344,16.181641414707695,6.934989177731868
139,47.38332187084165,28.42999312250499,13.267330123835661,5.685998624500998
140,54.487181174579696,32.692308704747816,15.256410728882315,6.538461740949565
141,59.69649341358268,35.817896048149606,16.71501815580315,7.163579209629923
142,44.93299734026218,26.959798404157308,12.581239255273411,5.391959680831464
143,53.702028550827386,32.22121713049643,15.03656799423167,6.444243426099289
144,53.88560746785323,32.33136448071193,15.087970090998905,6.466272896142389
145,56.30160765102638,33.780964590615824,15.764450142287389,6.756192918123167
146,46.01308256786076,27.607849540716455,12.88366311900101,5.521569908143292
147,45.400016781796324,27.240010069077794,12.712004698902971,5.448002013815559
148,54.41567050702682,32.64940230421609,15.236387741967508,6.52988046084322
149,53.09382651584049,31.856295909504293,14.866271424435336,6.371259181900861
150,52.66366433232806,31.598198599396834,14.745826013051857,6.319639719879369
151,52.945173597791175,31.767104158674705,14.824648607381528,6.353420831734942
152,47.61405625527357,28.56843375316414,13.331935751476598,5.71368675063283
153,51.976290003407705,31.18577400204462,14.553361200954157,6.237154800408927
154,52.080899540792544,31.248539724475524,14.582651871421913,6.249707944895107
155,46.84404953420106,28.106429720520637,13.116333869576296,5.6212859441041285
156,59.544782312984744,35.72686938779084,16.67253904763573,7.145373877558171
157,52.385091133723805,31.431054680234283,14.667825517442663,6.286210936046858
158,43.85941944465622,26.31565166679373,12.280637444503741,5.263130333358747
159,52.89878899811679,31.739273398870075,14.8116609194727,6.3478546797740165
160,44.54285021458759,26.725710128752553,12.471998060084523,5.345142025750512
161,53.15215268400361,31.891291610402163,14.882602751521011,6.378258322080436
162,54.81049195758593,32.886295174551556,15.346937748124061,6.577259034910314
163,44.715279849323274,26.829167909593963,12.520278357810517,5.365833581918794
164,53.43722197350934,32.062333184105604,14.962422152582613,6.4124666368211205
165,50.48644769325001,30.29186861595,14.136205354110002,6.0583737231900034
166,52.33567655156384,31.401405930938303,14.653989434437877,6.280281186187663
167,57.51288318392304,34.507729910353824,16.10360729149845,6.901545982070765
168,46.60630861611185,27.963785169667112,13.049766412511318,5.592757033933424
169,43.86976597124358,26.321859582746146,12.283534471948203,5.264371916549232
170,42.99701683160407,25.798210098962443,12.03916471284914,5.159642019792489
171,43.17270187194157,25.903621123164942,12.088356524143638,5.180724224632989
172,46.674508328773804,28.00470499726428,13.068862332056666,5.600940999452858
173,48.57521628305352,29.14512976983211,13.601060559254988,5.829025953966424
174,48.06360211444276,28.838161268665655,13.457808592043973,5.767632253733131
175,50.628083968283924,30.376850380970353,14.175863511119498,6.075370076194073
176,46.37059987394476,27.822359924366857,12.983767964704533,5.5644719848733715
177,53.388161206369276,32.032896723821565,14.948685137783396,6.406579344764314
178,44.613658812366054,26.768195287419633,12.491824467462495,5.353639057483926
179,59.35586613811227,35.61351968286736,16.619642518671434,7.122703936573473
180,48.70313230587651,29.221879383525902,13.636877045645424,5.8443758767051825
181,41.1105530696286,24.66633184177716,11.510954859496007,4.933266368355433
182,39.865265048341016,23.919159029004607,11.162274213535484,4.783831805800924
183,47.45738834704748,28.474433008228484,13.288068737173294,5.694886601645699
184,43.75499299981351,26.252995799888105,12.251398039947784,5.250599159977622
185,48.271641061375526,28.962984636825315,13.516059497185147,5.792596927365064
186,46.89927765217485,28.13956659130491,13.13179774260896,5.627913318260983
187,44.002582595711935,26.40154955742716,12.320723126799342,5.280309911485434
188,39.96864943237055,23.981189659422327,11.191221841063754,4.796237931884466
189,36.466591638493036,21.87995498309582,10.210645658778049,4.375990996619166
190,41.6488463302377,24.989307798142622,11.661676972466555,4.997861559628525
191,48.00645574082443,28.803873444494656,13.44180760743084,5.760774688898932
192,44.64048130011193,26.784288780067158,12.499334764031339,5.356857756013433
193,37.18944140539101,22.313664843234605,10.413043593509482,4.462732968646922
194,44.13479530582029,26.480877183492172,12.357742685629683,5.2961754366984355
195,45.04892530680444,27.029355184082664,12.613699085905244,5.405871036816533
196,38.55924993168628,23.13554995901177,10.796589980872158,4.627109991802355
197,43.60616983848793,26.163701903092758,12.20972755477662,5.2327403806185515
198,42.990459983837,25.7942759903022,12.037328795474359,5.15885519806044
199,36.84935712140414,22.10961427284248,10.31781999399316,4.421922854568498
200,44.22091184866213,26.532547109197278,12.381855317625398,5.306509421839458
201,45.10669122420093,27.06401473452056,12.62987354277626,5.412802946904112
202,47.591897143609856,28.555138286165914,13.32573120021076,5.711027657233183
203,47.32265276260054,28.393591657560325,13.25034277352815,5.678718331512066
204,35.04547567438214,21.027285404629282,9.812733188827,4.205457080925857
205,37.12810368978028,22.276862213868167,10.39586903313848,4.455372442773635
206,44.27908459992959,26.567450759957755,12.398143687980284,5.313490151991552
207,44.1628357190591,26.497701431435463,12.365594001336548,5.299540286287092
208,44.06250442217449,26.437502653304694,12.337501238208857,5.287500530660941
209,60.6476884501662,36.388613070099716,16.981352766046538,7.277722614019947
210,44.13869482932995,26.48321689759797,12.358834552212386,5.296643379519594
211,46.86576794261974,28.119460765571844,13.122415023933527,5.623892153114369
212,45.86517073164613,27.519102438987677,12.842247804860918,5.503820487797537
213,44.26290215967721,26.557741295806327,12.393612604709618,5.311548259161265
214,39.34398117063422,23.60638870238053,11.016314727777583,4.721277740476108
215,44.63318673497179,26.77991204098307,12.497292285792101,5.355982408196615
216,36.89589234008026,22.137535404048155,10.330849855222473,4.427507080809631
217,39.50129902876753,23.700779417260517,11.060363728054906,4.740155883452104
218,38.1876736920034,22.91260421520204,10.692548633760952,4.582520843040408
219,40.95671557505098,24.574029345030585,11.467880361014275,4.914805869006118
220,52.05727209447238,31.234363256683427,14.576036186452267,6.2468726513366875
221,31.088093962548548,18.65285637752913,8.704666309513593,3.7305712755058256
222,43.7999916461394,26.279994987683637,12.263997660919031,5.255998997536729
223,32.25323450238467,19.351940701430802,9.030905660667708,3.8703881402861615
224,37.9091508388011,22.745490503280656,10.614562234864307,4.549098100656133
225,45.66945180818586,27.401671084911516,12.78744650629204,5.480334216982305
226,40.50589756456216,24.303538538737296,11.341651318077405,4.86070770774746
227,34.75949829531488,20.855698977188926,9.732659522688165,4.171139795437787
228,36.539368934308854,21.92362136058531,10.231023301606479,4.384724272117063
229,43.48549503415071,26.091297020490426,12.175938609562197,5.218259404098086
230,36.411256805079674,21.846754083047802,10.195151905422309,4.369350816609563
231,41.12494121728742,24.67496473037245,11.514983540840479,4.934992946074491
232,40.25404858253813,24.152429149522877,11.271133603110679,4.8304858299045765
233,36.75571814989593,22.053430889937555,10.291601081970859,4.410686177987513
234,50.72496521835379,30.43497913101227,14.202990261139062,6.086995826202456
235,43.170362535949046,25.902217521569426,12.087701510065733,5.180443504313887
236,29.87457670341172,17.92474602204703,8.364881476955281,3.5849492044094067
237,40.936083173705285,24.56164990422317,11.46210328863748,4.9123299808446355
238,36.70239958125392,22.021439748752353,10.276671882751097,4.40428794975047
239,44.28501421837219,26.571008531023313,12.399803981144213,5.314201706204663
240,36.07575021947809,21.645450131686854,10.101210061453864,4.32909002633737
241,39.48416259717279,23.690497558303672,11.055565527208381,4.738099511660737
242,42.60624882179316,25.563749293075894,11.929749670102085,5.11274985861518
243,44.43752336290691,26.662514017744144,12.442506541613934,5.332502803548831
244,34.138656691104416,20.483194014662647,9.558823873509237,4.096638802932532
245,38.50296769455193,23.101780616731155,10.78083095447454,4.620356123346232
246,37.84001214478383,22.704007286870297,10.59520340053947,4.5408014573740605
247,36.99127133860335,22.194762803162007,10.357555974808937,4.438952560632403
248,49.13226420686739,29.479358524120432,13.75703397792287,5.8958717048240885
249,42.38085493778947,25.428512962673683,11.866639382581052,5.085702592534737
250,34.10633748169339,20.463802489016032,9.549774494874148,4.092760497803207
251,45.0587134282702,27.035228056962122,12.616439759915655,5.407045611392425
252,51.14264322913707,30.68558593748224,14.31994010415838,6.13711718749645
253,45.760434226769455,27.456260536061674,12.812921583495447,5.491252107212334
254,33.07126440565696,19.842758643394177,9.259954033583949,3.968551728678836
255,38.320682812391425,22.992409687434854,10.7297911874696,4.598481937486971
256,47.15385099924045,28.29231059954427,13.203078279787324,5.6584621199088545
257,37.36206216128899,22.417237296773393,10.461377405160917,4.483447459354679
258,43.204260581067594,25.922556348640555,12.097192962698927,5.184511269728112
259,44.94669347286434,26.968016083718602,12.585074172402015,5.393603216743722
260,36.53080108490805,21.91848065094483,10.228624303774254,4.383696130188966
261,40.963290600400775,24.577974360240464,11.469721368112216,4.915594872048095
262,25.153540134803894,15.092124080882336,7.04299123774509,3.018424816176468
263,36.34035401698311,21.804212410189866,10.175299124755272,4.360842482037976
264,40.30528182447003,24.183169094682018,11.285478910851607,4.836633818936404
265,35.43840966793674,21.263045800762043,9.922754707022285,4.25260916015241
266,49.9519140525457,29.97114843152742,13.986535934712796,5.994229686305486
267,34.754966545730646,20.852979927438387,9.731390632804581,4.170595985487678
268,39.82450452739804,23.894702716438825,11.15086126767145,4.778940543287765
269,42.80067337554265,25.68040402532559,11.984188545151943,5.136080805065118
270,49.478721569770705,29.687232941862423,13.854042039535797,5.937446588372486
271,35.22151995878719,21.132911975272314,9.862025588460412,4.226582395054464
272,48.348164632096676,29.008898779258004,13.53748609698707,5.8017797558516015
273,42.71801329514137,25.63080797708482,11.961043722639582,5.126161595416965
274,37.89674001655517,22.738044009933102,10.611087204635448,4.547608801986621
275,45.25511411561243,27.153068469367458,12.67143195237148,5.430613693873491
276,44.08303076189608,26.44981845713765,12.343248613330903,5.2899636914275305
277,40.232548252891455,24.13952895173487,11.265113510809607,4.827905790346977
278,43.73124987501973,26.238749925011835,12.244749965005525,5.247749985002368
279,41.606925293129365,24.964155175877618,11.649939082076221,4.992831035175525
280,44.25492034753303,26.552952208519816,12.391377697309249,5.310590441703965
281,47.154352320104366,28.292611392062618,13.203218649629223,5.658522278412525
282,51.93261079278632,31.15956647567179,14.541131021980169,6.23191329513436
283,37.97467589183568,22.78480553510141,10.63290924971399,4.556961107020282
284,54.99248135399165,32.99548881239499,15.397894779117662,6.5990977624789995
285,34.732705576411114,20.839623345846668,9.725157561395111,4.167924669169334
286,43.902251860905636,26.341351116543382,12.292630521053576,5.268270223308678
287,47.77293158844859,28.663758953069156,13.376420844765605,5.7327517906138326
288,46.40854050750614,27.84512430450368,12.99439134210172,5.569024860900738
289,42.06431768344771,25.238590610068627,11.778008951365358,5.047718122013727
290,44.31336695407605,26.58802017244563,12.407742747141294,5.317604034489127
291,43.066994802651536,25.84019688159092,12.05875854474243,5.168039376318186
292,42.76498410194499,25.658990461166994,11.974195548544596,5.1317980922333994
293,50.14134200216172,30.08480520129703,14.039575760605283,6.0169610402594085
294,47.861575189910695,28.716945113946416,13.401241053174996,5.743389022789284
295,42.79668537539437,25.67801122523662,11.983071905110423,5.135602245047325
296,50.94546377728582,30.567278266371492,14.264729857640031,6.1134556532743005
297,48.171614019798,28.9029684118788,13.48805192554344,5.780593682375761
298,50.888424933474454,30.53305496008467,14.248758981372848,6.106610992016936
299,50.16252678468212,30.09751607080927,14.045507499710995,6.0195032141618565
300,43.06086996340038,25.836521978040228,12.057043589752105,5.1673043956080456
301,44.59751988471047,26.758511930826284,12.48730556771893,5.3517023861652575
302,51.32851377427472,30.79710826456483,14.37198385679692,6.159421652912968
303,50.83848088838374,30.503088533030244,14.234774648747448,6.10061770660605
304,47.877590722617974,28.726554433570783,13.405725402333033,5.745310886714158
305,48.76501187382296,29.259007124293774,13.654203324670426,5.851801424858756
306,54.76370432679058,32.85822259607435,15.333837211501361,6.571644519214871
307,45.61517762063827,27.36910657238296,12.772249733778716,5.473821314476593
308,51.50674695478469,30.904048172870812,14.421889147339712,6.180809634574164
309,47.959013750479556,28.775408250287732,13.428523850134276,5.755081650057548
310,48.08069995568893,28.848419973413357,13.462595987592898,5.769683994682673
311,54.86245153746982,32.91747092248189,15.361486430491553,6.583494184496381
312,53.69536289285286,32.21721773571171,15.034701609998804,6.443443547142346
313,53.8357158800794,32.301429528047635,15.074000446422234,6.460285905609529
314,56.49554101784026,33.89732461070415,15.818751484995273,6.779464922140834
315,50.27315821300729,30.163894927804375,14.076484299642042,6.032778985560876
316,53.77782863073309,32.266697178439856,15.057792016605264,6.453339435687971
317,49.0165075401035,29.409904524062096,13.72462211122898,5.881980904812421
318,52.3882235053674,31.43293410322044,14.66870258150287,6.286586820644089
319,50.31591994447575,30.18955196668545,14.088457584453211,6.037910393337091
320,51.650471873468526,30.990283124081113,14.462132124571188,6.198056624816225
321,54.33966782660054,32.603800695960324,15.21510699144815,6.520760139192065
322,47.47062439926476,28.482374639558852,13.291774831794132,5.696474927911773
323,62.22088463957214,37.33253078374328,17.4218476990802,7.466506156748661
324,46.925378243506934,28.15522694610416,13.139105908181941,5.631045389220832
325,46.080256816939496,27.648154090163697,12.902471908743058,5.529630818032741
326,58.13662852698115,34.881977116188686,16.278255987554722,6.97639542323774
327,56.49832350951491,33.898994105708944,15.819530582664177,6.7797988211417906
328,55.85352903503091,33.512117421018544,15.638988129808654,6.702423484203711
329,56.066484270620094,33.63989056237205,15.698615595773628,6.727978112474414
330,53.05417977089921,31.832507862539526,14.855170335851778,6.366501572507907
331,48.81855256462395,29.29113153877437,13.669194718094706,5.858226307754874
332,53.87193611423599,32.323161668541594,15.084142111986077,6.464632333708321
333,50.293796548163286,30.17627792889797,14.08226303348572,6.035255585779595
334,58.74042376228755,35.244254257372525,16.447318653440515,7.0488508514745085
335,53.313212298655294,31.987927379193174,14.927699443623483,6.397585475838637
336,50.10306798746741,30.061840792480446,14.028859036490875,6.012368158496091
337,52.80398736324706,31.682392417948236,14.785116461709176,6.336478483589648
338,56.65417213515503,33.992503281093015,15.86316819784341,6.798500656218605
339,51.947654647269125,31.168592788361472,14.545343301235356,6.233718557672297
340,50.83003153355393,30.498018920132356,14.2324088293951,6.099603784026472
341,56.33244928141909,33.79946956885145,15.773085798797345,6.759893913770293
342,56.50968025497292,33.90580815298375,15.822710471392417,6.781161630596751
343,52.91885182954737,31.751311097728422,14.817278512273264,6.3502622195456855
344,53.26491513091582,31.958949078549487,14.914176236656429,6.391789815709901
345,56.944647330670186,34.16678839840211,15.944501252587651,6.833357679680423
346,48.705953239336665,29.223571943601996,13.637666907014268,5.844714388720401
347,49.06865490718702,29.44119294431221,13.739223374012365,5.888238588862443
348,52.670909196954376,31.602545518172626,14.747854575147224,6.320509103634526
349,55.3505459001901,33.21032754011406,15.498152852053227,6.642065508022814
350,58.124403815177914,34.874642289106745,16.274833068249816,6.974928457821353
351,64.09610354157638,38.45766212494583,17.946908991641386,7.69153242498917
352,61.15438940308648,36.69263364185189,17.123229032864213,7.338526728370379
353,56.21042112253885,33.726252673523305,15.738917914310878,6.745250534704663
354,57.05625126608013,34.233750759648075,15.97575035450244,6.8467501519296174
355,52.27704357806972,31.366226146841832,14.637572201859522,6.273245229368369
356,57.332567037996064,34.39954022279764,16.053118770638896,6.879908044559528
357,56.11431188596985,33.66858713158191,15.712007328071556,6.7337174263163835
358,59.300647303608,35.5803883821648,16.604181245010242,7.116077676432962
359,53.67727448619489,32.206364691716935,15.029636856134568,6.441272938343387
360,60.53341120969739,36.320046725818436,16.949355138715266,7.264009345163689
361,65.72044807240502,39.43226884344301,18.401725460273404,7.886453768688604
362,57.629805040027435,34.57788302401646,16.13634541120768,6.915576604803295
363,60.29574733439306,36.17744840063584,16.882809253630054,7.23548968012717
364,61.84817685904536,37.10890611542722,17.3174895205327,7.421781223085443
365,56.49826384685647,33.898958308113876,15.819513877119812,6.779791661622779
366,59.7283362880411,35.83700177282466,16.72393416065151,7.167400354564933
367,58.770900520819886,35.26254031249193,16.45585214582957,7.0525080624983865
368,59.2929005882745,35.5757403529647,16.602012164716857,7.115148070592941
369,55.03253106422626,33.01951863853576,15.409108697983353,6.603903727707152
370,59.10963182941098,35.46577909764659,16.550696912235072,7.0931558195293185
371,61.56297867639909,36.937787205839456,17.237634029391742,7.387557441167893
372,66.4109824472861,39.84658946837166,18.595075085240108,7.969317893674333
373,64.03023374318123,38.41814024590874,17.92846544809074,7.683628049181749
374,70.07471367602892,42.04482820561735,19.6209198292881,8.408965641123473
375,55.543261953307145,33.325957171984285,15.552113346926001,6.665191434396858
376,63.80904945578493,38.28542967347096,17.866533847619777,7.657085934694194
377,60.42782395276285,36.25669437165771,16.919790706773597,7.251338874331545
378,70.51999192329254,42.31199515397552,19.74559773852191,8.462399030795105
379,55.58552090026995,33.35131254016197,15.563945852075584,6.670262508032394
380,55.48058750941098,33.288352505646586,15.534564502635076,6.657670501129319
381,56.73054633673002,34.03832780203801,15.884552974284405,6.807665560407605
382,49.152452911909194,29.491471747145514,13.762686815334575,5.898294349429104
383,57.183669752239815,34.31020185134389,16.011427530627145,6.8620403702687796
384,56.053370032947115,33.632022019768264,15.694943609225193,6.726404403953657
385,60.633651271151045,36.380190762690624,16.977422355922293,7.276038152538128
386,61.6191586745287,36.971495204717215,17.253364428868036,7.394299040943448
387,69.31596542921359,41.58957925752815,19.408470320179806,8.317915851505635
388,64.7079889495288,38.82479336971728,18.118236905868063,7.7649586739434575
389,57.08812779059065,34.25287667435439,15.984675781365379,6.850575334870879
390,55.493360097004256,33.296016058202554,15.538140827161191,6.659203211640511
391,62.45382265587781,37.472293593526686,17.487070343645783,7.494458718705339
392,53.39785655037654,32.038713930225924,14.951399834105429,6.407742786045185
393,69.15711272617033,41.494267635702194,19.36399156332769,8.298853527140441
394,65.89381601769418,39.53628961061651,18.450268484954368,7.9072579221233035
395,57.64353515787419,34.58612109472451,16.140189844204773,6.917224218944906
396,51.412543145076356,30.847525887045812,14.39551208062138,6.169505177409164
397,66.73238888021572,40.039433328129434,18.6850688864604,8.00788666562589
398,59.371153924018316,35.62269235441099,16.62392309872513,7.1245384708822
399,66.10978344236429,39.665870065418574,18.510739363862,7.933174013083715
400,51.92144417226198,31.152866503357185,14.538004368233354,6.230573300671439
401,56.865630634127974,34.11937838047678,15.922376577555834,6.8238756760953585
402,59.85370265934953,35.912221595609715,16.75903674461787,7.182444319121945
403,60.023434678811185,36.01406080728671,16.80656171006713,7.202812161457345
404,57.495336619648135,34.49720197178888,16.098694253501478,6.899440394357775
405,62.81314777018836,37.68788866211301,17.587681375652743,7.537577732422605
406,54.310150663017936,32.58609039781076,15.206842185645025,6.517218079562154
407,58.88185091382218,35.32911054829331,16.486918255870208,7.0658221096586615
408,60.13688465506524,36.08213079303914,16.838327703418265,7.216426158607831
409,62.04544478891505,37.22726687334903,17.37272454089621,7.445453374669807
410,62.96537995724218,37.779227974345304,17.63030638802781,7.555845594869062
411,53.714387258987166,32.2286323553923,15.040028432516406,6.44572647107846
412,51.59358410128955,30.956150460773728,14.446203548361074,6.191230092154749
413,65.5753907627898,39.345234457673875,18.361109413581143,7.869046891534776
414,60.76775373135526,36.460652238813154,17.014971044779475,7.292130447762634
415,55.27928565478016,33.1675713928681,15.478199983338444,6.633514278573619
416,66.68940431423414,40.013642588540485,18.673033207985558,8.002728517708096
417,59.42037036848342,35.65222222109005,16.637703703175358,7.130444444218011
418,64.64329919674879,38.78597951804927,18.10012377508966,7.757195903609858
419,58.985723154202766,35.39143389252166,16.516002483176774,7.0782867785043315
420,68.84972870529273,41.30983722317564,19.277924037481963,8.261967444635129
421,67.21713334514206,40.330280007085236,18.820797336639774,8.06605600141705
422,57.08667238345829,34.25200343007497,15.984268267368323,6.850400686014998
423,63.0770793873878,37.84624763243268,17.661582228468582,7.569249526486537
424,61.33054830703928,36.798328984223566,17.172553525970997,7.359665796844716
425,64.82802891389665,38.89681734833798,18.15184809589106,7.779363469667601
426,53.03826254846877,31.82295752908126,14.850713513571257,6.364591505816254
427,61.16800082939232,36.70080049763539,17.12704023222985,7.340160099527079
428,62.90163464743568,37.74098078846141,17.61245770128199,7.548196157692281
429,48.68453976143333,29.210723856859996,13.631671133201332,5.842144771372
430,51.42767841541226,30.856607049247355,14.399749956315432,6.171321409849472
431,47.01060638465967,28.206363830795798,13.162969787704707,5.641272766159162
432,55.719646785135986,33.43178807108159,15.601501099838075,6.68635761421632
433,60.51147934207542,36.30688760524525,16.943214215781115,7.261377521049052
434,64.289871014403,38.5739226086418,18.00116388403284,7.714784521728362
435,57.000166202920695,34.200099721752416,15.960046536817794,6.840019944350486
436,64.62172478705163,38.77303487223098,18.094082940374456,7.754606974446197
437,49.42450315405121,29.654701892430722,13.83886088313434,5.930940378486147
438,47.65193171443467,28.5911590286608,13.342540880041705,5.718231805732161
439,55.732471427497806,33.439482856498685,15.605091999699384,6.687896571299737
440,57.76949917361415,34.66169950416849,16.17545976861196,6.9323399008337
441,55.52232060460023,33.31339236276014,15.546249769288062,6.662678472552029
442,45.182932019095944,27.109759211457565,12.651220965346864,5.421951842291515
443,54.90668251254922,32.94400950752953,15.37387110351378,6.588801901505908
444,48.659934556685485,29.19596073401129,13.624781675871935,5.83919214680226
445,58.35857130872904,35.01514278523742,16.34039996644413,7.003028557047486
446,56.669122283808235,34.00147337028494,15.867354239466305,6.800294674056989
447,49.96072022249193,29.976432133495155,13.98900166229774,5.9952864266990336
448,51.91290868272238,31.147745209633428,14.535614431162267,6.229549041926687
449,49.00650693769293,29.40390416261576,13.72182194255402,5.880780832523152
450,53.80778936605171,32.28467361963102,15.06618102249448,6.4569347239262065
451,58.713858341211065,35.22831500472664,16.439880335539097,7.0456630009453285
452,48.82490318712689,29.294941912276133,13.67097289239553,5.8589883824552285
453,56.08765131317251,33.652590787903506,15.7045423676883,6.730518157580702
454,50.72858904057047,30.43715342434228,14.20400493135973,6.087430684868458
455,49.2266194621818,29.535971677309078,13.783453449410906,5.907194335461817
456,52.46566196387804,31.479397178326824,14.690385349885851,6.295879435665366
457,47.63323200621615,28.579939203729687,13.337304961740521,5.715987840745939
458,49.84870320625072,29.90922192375043,13.957636897750202,5.981844384750087
459,46.43401963971499,27.860411783828994,13.001525499120197,5.572082356765799
460,62.052524805584405,37.23151488335064,17.374706945563634,7.446302976670129
461,52.2098154092662,31.32588924555972,14.618748314594535,6.265177849111945
462,48.338655245902906,29.003193147541744,13.534823468852814,5.800638629508349
463,52.71023258737764,31.626139552426583,14.75886512446574,6.325227910485317
464,50.88108692175042,30.528652153050253,14.246704338090119,6.105730430610052
465,50.13969623740451,30.083817742442704,14.03911494647326,6.016763548488543
466,54.11669699905348,32.47001819943209,15.152675159734972,6.494003639886419
467,54.63430298138374,32.78058178883024,15.29760483478745,6.556116357766051
468,47.99482093092302,28.79689255855381,13.438549860658446,5.7593785117107625
469,47.568538781544,28.5411232689264,13.31919085883232,5.708224653785281
470,48.87249576877535,29.32349746126521,13.6842988152571,5.8646994922530435
471,38.53817360222336,23.122904161334016,10.79068860862254,4.624580832266803
472,42.271830175142924,25.363098105085754,11.836112449040018,5.072619621017152
473,56.48222376736873,33.889334260421236,15.815022654863244,6.77786685208425
474,57.67289879599567,34.6037392775974,16.14841166287879,6.920747855519483
475,48.00330859760002,28.801985158560008,13.440926407328007,5.760397031712003
476,51.932002772015224,31.15920166320913,14.540960776164264,6.231840332641829
477,50.40657819094892,30.24394691456935,14.113841893465699,6.048789382913872
478,64.04630077570623,38.42778046542374,17.932964217197743,7.685556093084749
479,54.051879829133895,32.43112789748034,15.13452635215749,6.486225579496068
480,47.61714423036637,28.570286538219822,13.332800384502583,5.714057307643966
481,43.282454184458885,25.96947251067533,12.119087171648488,5.193894502135066
482,39.83212489744475,23.89927493846685,11.15299497128453,4.779854987693371
483,48.68672901826597,29.21203741095958,13.632284125114472,5.842407482191918
484,43.69364365729591,26.216186194377546,12.234220224042852,5.24323723887551
485,40.171125187902184,24.10267511274131,11.247915052612612,4.820535022548263
486,43.85761267312246,26.314567603873474,12.280131548474289,5.262913520774697
487,41.49198420507679,24.89519052304607,11.617755577421502,4.9790381046092165
488,55.14591959629955,33.08755175777973,15.440857486963873,6.617510351555948
489,50.9302132750403,30.55812796502418,14.260459717011283,6.111625593004838
490,46.29534550089763,27.777207300538578,12.962696740251337,5.555441460107717
491,53.549589486772305,32.12975369206338,14.993885056296245,6.425950738412679
492,46.3529104165504,27.81174624993024,12.97881491663411,5.562349249986049
493,41.47746147632476,24.886476885794856,11.613689213370934,4.977295377158972
494,53.21900286476078,31.931401718856467,14.90132080213302,6.386280343771295
495,48.11919128067008,28.871514768402047,13.473373558587623,5.77430295368041
496,40.06149895701992,24.036899374211952,11.217219707965578,4.8073798748423915
497,44.121025849385354,26.47261550963121,12.3538872378279,5.294523101926243
498,40.521588330638664,24.3129529983832,11.346044732578825,4.86259059967664
499,37.81468136065746,22.688808816394474,10.58811078098409,4.537761763278896
500,49.19067662876451,29.514405977258704,13.773389456054062,5.902881195451741
501,53.9401569809925,32.364094188595494,15.103243954677902,6.472818837719101
502,37.23576349281218,22.341458095687308,10.42601377798741,4.468291619137464
503,46.88128361113109,28.128770166678652,13.126759411116705,5.625754033335731
504,40.65343399375526,24.392060396253154,11.382961518251472,4.878412079250632
505,41.3136665922477,24.78819995534862,11.567826645829355,4.957639991069724
506,40.632470760837535,24.37948245650252,11.377091813034511,4.875896491300505
507,39.12219554303438,23.473317325820627,10.954214752049626,4.694663465164126
508,43.53508959336576,26.121053756019457,12.189825086142413,5.224210751203891
509,38.990745851780765,23.39444751106846,10.917408838498613,4.678889502213693
510,44.353537252963754,26.61212235177825,12.418990430829853,5.322424470355651
511,42.6086186724825,25.5651712034895,11.9304132282951,5.1130342406979015
512,41.52648106217058,24.91588863730235,11.627414697407763,4.98317772746047
513,38.047726477501406,22.828635886500845,10.653363413700392,4.56572717730017
514,39.568977309301324,23.741386385580793,11.079313646604371,4.748277277116161
515,46.100098031492955,27.660058818895774,12.908027448818027,5.532011763779154
516,44.70110642158959,26.820663852953754,12.516309798045087,5.364132770590752
517,37.185244128340045,22.311146477004026,10.411868355935212,4.462229295400807
518,42.44935243451146,25.469611460706876,11.885818681663208,5.093922292141377
519,45.59251589559782,27.355509537358692,12.765904450767389,5.4711019074717395
520,33.3747089035366,20.02482534212196,9.344918492990248,4.004965068424392
521,44.32800249694867,26.596801498169203,12.411840699145626,5.319360299633841
522,38.19090437376213,22.914542624257276,10.693453224653398,4.582908524851456
523,44.253236422353936,26.551941853412362,12.390906198259101,5.310388370682473
524,37.483606995678684,22.49016419740721,10.495409958790031,4.498032839481443
525,32.17863189696071,19.307179138176426,9.010016931148998,3.861435827635285
526,32.97198849850819,19.783193099104913,9.232156779582292,3.9566386198209837
527,41.260339710060705,24.756203826036423,11.552895118816997,4.951240765207286
528,42.232333688467435,25.33940021308046,11.825053432770883,5.067880042616093
529,36.329570648090154,21.797742388854093,10.172279781465242,4.359548477770819
530,43.9652080777588,26.37912484665528,12.310258261772464,5.275824969331058
531,32.389428461438236,19.43365707686294,9.069039969202707,3.886731415372589
532,40.29513383291048,24.177080299746287,11.282637473214935,4.835416059949258
533,34.50270554257713,20.70162332554628,9.660757551921597,4.140324665109256
534,37.2346364771099,22.34078188626594,10.425698213590772,4.468156377253189
535,40.67064319388019,24.40238591632811,11.387780094286454,4.880477183265624
536,36.07524224457122,21.645145346742733,10.101067828479941,4.329029069348547
537,38.402039531605496,23.0412237189633,10.752571068849537,4.60824474379266
538,45.307659424688644,27.184595654813187,12.68614463891282,5.436919130962638
539,37.347003549062066,22.40820212943724,10.457160993737379,4.4816404258874485
540,44.369098259660795,26.621458955796477,12.423347512705021,5.324291791159297
541,34.50520184283478,20.703121105700866,9.661456515993738,4.140624221140175
542,42.769793796758854,25.661876278055313,11.975542263092478,5.132375255611063
543,47.29960436064738,28.379762616388426,13.243889220981266,5.675952523277687
544,27.708490270285818,16.62509416217149,7.758377275680029,3.3250188324342993
545,36.06116118958384,21.636696713750304,10.097125133083477,4.3273393427500615
546,42.91390441114305,25.74834264668583,12.015893235120053,5.149668529337166
547,39.00021160286843,23.40012696172106,10.92005924880316,4.680025392344213
548,41.86205634924405,25.11723380954643,11.721375777788333,5.023446761909286
549,36.98128683407236,22.188772100443412,10.354760313540261,4.437754420088684
550,40.433046871857464,24.259828123114477,11.321253124120089,4.851965624622897
551,39.22459675187003,23.53475805112202,10.982887090523608,4.7069516102244044
552,45.848776905003604,27.50926614300216,12.837657533401009,5.501853228600433
553,41.2928504012461,24.77571024074766,11.561998112348906,4.955142048149533
554,41.723630651622656,25.034178390973594,11.682616582454344,5.006835678194719
555,37.995089287347774,22.797053572408664,10.638625000457376,4.559410714481734
556,37.63927785205867,22.5835667112352,10.538997798576428,4.516713342247041
557,37.941321831894314,22.764793099136586,10.623570112930409,4.552958619827319
558,42.10713550440338,25.26428130264203,11.789997941232945,5.052856260528406
559,38.0646603284798,22.83879619708788,10.658104891974345,4.567759239417578
560,41.657096992968896,24.994258195781338,11.66398715803129,4.998851639156268
561,50.62778325798105,30.37666995478863,14.175779312234695,6.075333990957727
562,44.65285889648556,26.791715337891336,12.502800491015957,5.358343067578268
563,38.71745480954094,23.230472885724563,10.840887346671463,4.646094577144913
564,46.40784001456744,27.844704008740464,12.994195204078883,5.568940801748093
565,38.41943063587135,23.05165838152281,10.757440578043978,4.610331676304563
566,30.331037872119968,18.19862272327198,8.492690604193589,3.6397245446543973
567,35.54687324985696,21.328123949914175,9.953124509959947,4.2656247899828355
568,31.30275440832675,18.781652644996047,8.76477123433149,3.756330528999211
569,38.97229299208066,23.383375795248394,10.912242037782585,4.676675159049681
570,40.898806639301,24.5392839835806,11.45166585900428,4.907856796716121
571,49.26943282732286,29.561659696393715,13.7954411916504,5.912331939278744
572,42.60605963735232,25.56363578241139,11.929696698458649,5.112727156482279
573,39.963707937585404,23.978224762551243,11.189838222523912,4.79564495251025
574,45.297602497203805,27.17856149832228,12.683328699217066,5.435712299664457
575,30.18980170807629,18.11388102484577,8.453144478261361,3.6227762049691563
576,42.521956397461246,25.513173838476746,11.906147791289149,5.102634767695351
577,45.300077261299855,27.18004635677991,12.68402163316396,5.436009271355983
578,34.158109333340526,20.494865600004314,9.564270613335347,4.098973120000865
579,47.37847951977291,28.427087711863745,13.265974265536414,5.68541754237275
580,43.46419608778498,26.078517652670985,12.169974904579794,5.215703530534197
581,39.81057043205442,23.886342259232652,11.146959720975236,4.777268451846531
582,45.16946037116297,27.10167622269778,12.647448903925632,5.420335244539558
583,53.48075404171916,32.08845242503149,14.974611131681366,6.417690485006302
584,43.16150871918614,25.89690523151168,12.08522244137212,5.179381046302337
585,43.621267092311356,26.172760255386812,12.21395478584718,5.2345520510773635
586,40.21439421276368,24.128636527658205,11.26003037957383,4.825727305531643
587,38.39600683346263,23.037604100077576,10.750881913369536,4.607520820015516
588,46.93387954429488,28.160327726576927,13.141486272402569,5.6320655453153865
589,38.6416401363957,23.18498408183742,10.819659238190795,4.6369968163674855
590,43.42258033832574,26.05354820299544,12.158322494731207,5.21070964059909
591,40.82192581256225,24.493155487537347,11.430139227517431,4.8986310975074705
592,45.75329189353101,27.4519751361186,12.810921730188683,5.490395027223721
593,45.177539563985505,27.106523738391303,12.64971107791594,5.421304747678262
594,48.85036125343451,29.310216752060704,13.67810115096166,5.862043350412142
595,41.26854688335593,24.761128130013557,11.555193127339662,4.952225626002713
596,42.62769401267923,25.576616407607535,11.935754323550185,5.115323281521508
597,39.24409901397064,23.546459408382383,10.98834772391178,4.709291881676478
598,42.07964495104051,25.247786970624304,11.782300586291342,5.049557394124861
599,46.353086854699455,27.811852112819672,12.978864319315848,5.562370422563935
600,48.419213903222406,29.05152834193344,13.557379892902276,5.81030566838669
601,40.19327684975788,24.115966109854728,11.254117517932205,4.823193221970946
602,49.32404401115872,29.59442640669523,13.81073232312444,5.918885281339048
603,51.92812417188974,31.156874503133842,14.53987476812913,6.23137490062677
604,47.392969822600236,28.43578189356014,13.270031550328067,5.687156378712029
605,54.88750441744432,32.93250265046659,15.368501236884411,6.5865005300933195
606,41.81410793721434,25.088464762328602,11.707950222420015,5.017692952465721
607,39.6410357151217,23.78462142907302,11.099490000234077,4.7569242858146055
608,37.15361750726951,22.292170504361703,10.403012902035464,4.458434100872342
609,53.711930889145165,32.2271585334871,15.039340648960644,6.445431706697422
610,49.689535459402016,29.813721275641207,13.913069928632567,5.962744255128243
611,46.327214538377596,27.79632872302656,12.971620070745725,5.559265744605312
612,48.193769639405716,28.916261783643428,13.494255499033601,5.783252356728687
613,41.356552272841284,24.81393136370477,11.579834636395558,4.962786272740955
614,59.40403476972729,35.64242086183637,16.633129735523642,7.128484172367276
615,48.01378799621813,28.808272797730876,13.443860638941075,5.761654559546177
616,48.10811616613364,28.864869699680185,13.47027252651742,5.772973939936037
617,51.384410929974905,30.83064655798494,14.387635060392974,6.16612931159699
618,50.355957325487864,30.213574395292717,14.099668051136602,6.042714879058545
619,49.266484252735275,29.559890551641164,13.794615590765877,5.911978110328233
620,44.39158596829035,26.63495158097421,12.429644071121297,5.326990316194843
621,50.898856539995705,30.539313923997423,14.251679831198796,6.107862784799487
622,58.14977712014178,34.889866272085065,16.281937593639697,6.977973254417016
623,55.665398873332904,33.399239323999744,15.58631168453321,6.6798478647999495
624,57.103300446933545,34.26198026816012,15.988924125141395,6.852396053632027
625,46.78070264433207,28.06842158659924,13.098596740412978,5.61368431731985
626,44.58843591669313,26.753061550015875,12.484762056674077,5.350612310003177
627,49.1073898187982,29.464433891278915,13.750069149263496,5.892886778255786
628,50.21491884876695,30.128951309260167,14.060177277654747,6.025790261852036
629,55.60724722914094,33.364348337484564,15.57002922415946,6.672869667496913
630,41.87390732363727,25.124344394182362,11.724694050618433,5.0248688788364735
631,58.18378841723376,34.91027305034025,16.291460756825455,6.982054610068051
632,49.94558926717413,29.967353560304474,13.984764994808756,5.993470712060898
633,48.80052110877459,29.280312665264752,13.664145910456885,5.8560625330529525
634,46.07332832253559,27.643996993521352,12.900531930309965,5.528799398704271
635,43.05803705487059,25.834822232922352,12.056250375363765,5.166964446584471
636,55.64611063897037,33.38766638338222,15.580910978911705,6.6775332766764475
637,52.09417277737967,31.2565036664278,14.586368377666307,6.251300733285561
638,45.47441265486679,27.284647592920074,12.7328355433627,5.456929518584015
639,45.64468784418286,27.386812706509716,12.780512596371201,5.477362541301945
640,50.63617475456475,30.38170485273885,14.17812893127813,6.07634097054777
641,60.854296415543956,36.51257784932637,17.03920299635231,7.302515569865278
642,51.40431892830034,30.842591356980204,14.393209299924095,6.168518271396042
643,45.378566941305024,27.227140164783012,12.705998743565408,5.445428032956604
644,51.856414734150185,31.11384884049011,14.519796125562051,6.222769768098024
645,51.91112654263858,31.146675925583146,14.5351154319388,6.22933518511663
646,39.978615659372224,23.987169395623333,11.194012384624223,4.797433879124668
647,53.37849385081791,32.02709631049075,14.945978278229013,6.40541926209815
648,52.68075490308271,31.608452941849624,14.750611372863158,6.3216905883699255
649,57.500384629029014,34.50023077741741,16.100107696128124,6.9000461554834835
650,63.44645084299313,38.067870505795874,17.76500623603808,7.613574101159177
651,60.0151324671839,36.00907948031034,16.804237090811494,7.201815896062069
652,53.2167479533519,31.930048772011137,14.900689426938532,6.386009754402229
653,49.205621533351234,29.52337292001074,13.777574029338345,5.90467458400215
654,67.78021452698745,40.66812871619247,18.978460067556483,8.133625743238497
655,55.382706813796176,33.2296240882777,15.507157907862931,6.645924817655542
656,55.32742565823721,33.196455394942326,15.491679184306419,6.639291078988466
657,55.306215276494505,33.1837291658967,15.485740277418463,6.636745833179342
658,56.584155365327945,33.950493219196765,15.843563502291824,6.790098643839356
659,55.036582933270594,33.021949759962354,15.410243221315767,6.604389951992474
660,53.05242511267106,31.831455067602633,14.854679031547898,6.366291013520529
661,53.34642237993547,32.00785342796128,14.93699826638193,6.401570685592258
662,56.074500468363304,33.64470028101798,15.700860131141724,6.728940056203598
663,53.67619747352835,32.20571848411701,15.029335292587938,6.441143696823403
664,52.981589682276706,31.78895380936602,14.83484511103748,6.357790761873206
665,57.22784876042551,34.336709256255304,16.023797652919143,6.867341851251062
666,55.568012371391234,33.340807422834736,15.559043463989548,6.66816148456695
667,64.50732716979248,38.704396301875484,18.062051607541893,7.740879260375099
668,43.87418210157033,26.324509260942197,12.284770988439691,5.264901852188439
669,62.72538280239913,37.635229681439476,17.563107184671757,7.527045936287898
670,63.63418486201264,38.180510917207584,17.817571761363535,7.636102183441519
671,47.16975668937706,28.301854013626237,13.207531873025575,5.660370802725248
672,55.95320425025692,33.57192255015415,15.666897190071937,6.714384510030831
673,55.93630570525284,33.5617834231517,15.662165597470796,6.712356684630343
674,50.8797020761138,30.527821245668278,14.246316581311865,6.105564249133659
675,54.14876082756184,32.4892564965371,15.161653031717313,6.497851299307422
676,52.602333723463985,31.56140023407839,14.728653442569914,6.31228004681568
677,67.03067187674257,40.218403126045544,18.76858812548792,8.04368062520911
678,63.058510716585374,37.835106429951225,17.656383000643903,7.567021285990247
679,64.84534138127555,38.90720482876532,18.156695586757156,7.781440965753067
680,62.19997846878114,37.319987081268685,17.415993971258718,7.463997416253736
681,53.04697500203298,31.828185001219786,14.853153000569234,6.365637000243959
682,56.16677145862607,33.70006287517564,15.726696008415303,6.740012575035131
683,61.32986889614441,36.797921337686645,17.172363290920433,7.359584267537333
684,52.862427265527344,31.717456359316405,14.801479634347658,6.343491271863282
685,62.624539573946564,37.57472374436794,17.534871080705038,7.514944748873589
686,57.94077784721462,34.76446670832877,16.223417797220094,6.952893341665757
687,57.34750137513987,34.40850082508392,16.057300385039166,6.881700165016785
688,62.851917309575825,37.71115038574549,17.59853684668123,7.542230077149103
689,61.59022735863158,36.954136415178944,17.245263660416843,7.390827283035794
690,57.63212586534565,34.579275519207386,16.136995242296784,6.91585510384148
691,65.29787694764859,39.17872616858915,18.283405545341605,7.835745233717834
692,54.15638216472318,32.49382929883391,15.163787006122492,6.498765859766783
693,62.69802315730584,37.6188138943835,17.555446484045635,7.523762778876705
694,62.63665052248216,37.58199031348929,17.538262146295004,7.51639806269786
695,58.17234281737981,34.90340569042788,16.288255988866347,6.980681138085579
696,61.39578300606357,36.837469803638136,17.1908192416978,7.367493960727632
697,53.55068697687157,32.13041218612294,14.994192353524038,6.42608243722459
698,64.4636045475825,38.6781627285495,18.049809273323103,7.735632545709901
699,58.95223610554686,35.37134166332812,16.506626109553117,7.074268332665625
700,57.29245845435351,34.375475072612105,16.04188836721898,6.875095014522422
701,65.17648415797649,39.10589049478589,18.24941556423342,7.82117809895718
702,56.43111160512748,33.85866696307649,15.800711249435691,6.771733392615298
703,52.927934605752206,31.75676076345132,14.819821689610619,6.351352152690266
704,52.200518286178955,31.32031097170737,14.616145120130108,6.264062194341475
705,63.02314364420737,37.81388618652442,17.646480220378066,7.562777237304886
706,53.59637975436295,32.15782785261777,15.006986331221624,6.431565570523555
707,68.77393077883654,41.264358467301925,19.25670061807423,8.252871693460389
708,49.58774633094992,29.75264779856995,13.884568972665978,5.950529559713992
709,68.47310988922119,41.083865933532714,19.172470768981935,8.216773186706543
710,61.03535386317671,36.62121231790602,17.08989908168948,7.324242463581207
711,59.48214747366186,35.689288484197114,16.65500129262532,7.137857696839426
712,57.22257795248047,34.33354677148828,16.022321826694533,6.866709354297658
713,61.920335575069565,37.15220134504174,17.337693961019475,7.430440269008351
714,59.70999337829461,35.82599602697677,16.71879814592249,7.1651992053953535
715,65.38422905282874,39.23053743169724,18.307584134792048,7.846107486339452
716,60.40446368209435,36.24267820925661,16.91324983098642,7.248535641851323
717,60.546506843065295,36.327904105839174,16.953021916058283,7.265580821167838
718,57.934691703042326,34.760815021825394,16.221713676851852,6.9521630043650795
719,59.421878402791286,35.65312704167477,16.63812595278156,7.130625408334954
720,61.19558660995307,36.71735196597184,17.134764250786862,7.3434703931943694
721,51.05184454395226,30.631106726371353,14.294516472306631,6.126221345274272
722,52.80402719188065,31.68241631512839,14.785127613726582,6.336483263025679
723,63.19972471324001,37.919834827944,17.695922919707204,7.583966965588804
724,60.27238813922982,36.16343288353789,16.87626867898435,7.232686576707582
725,58.429033873483434,35.05742032409006,16.36012948457536,7.0114840648180135
726,59.36827037165942,35.62096222299565,16.623115704064638,7.124192444599132
727,60.9374490676236,36.562469440574155,17.06248573893461,7.312493888114833
728,56.4205022801938,33.85230136811628,15.797740638454265,6.770460273623257
729,55.14388959697077,33.08633375818246,15.440289087151816,6.617266751636494
730,59.92713799689345,35.956282798136066,16.779598639130167,7.191256559627217
731,53.96496728536792,32.37898037122075,15.110190839903018,6.475796074244153
732,60.80347178967361,36.48208307380416,17.02497210110861,7.296416614760837
733,50.15116206119366,30.090697236716196,14.042325377134224,6.0181394473432395
734,63.70826482377927,38.22495889426756,17.838314150658196,7.644991778853512
735,60.820455723494554,36.49227343409673,17.029727602578475,7.298454686819348
736,59.629215782717175,35.7775294696303,16.69618041916081,7.155505893926062
737,63.150781315068784,37.89046878904127,17.682218768219258,7.578093757808254
738,66.44966308111893,39.869797848671354,18.6059056627133,7.973959569734273
739,63.07585683931376,37.84551410358825,17.661239915007855,7.569102820717653
740,48.67814951709494,29.20688971025696,13.629881864786583,5.841377942051395
741,51.35999709643408,30.815998257860446,14.380799187001541,6.163199651572091
742,54.50604724865862,32.70362834919517,15.261693229624411,6.540725669839036
743,57.6298016408946,34.577880984536755,16.13634445945049,6.915576196907352
744,59.95384810632346,35.972308863794076,16.78707746977057,7.194461772758817
745,53.60009442935243,32.160056657611456,15.008026440218682,6.432011331522293
746,58.023016379631905,34.81380982777914,16.246444586296935,6.962761965555831
747,53.16980137910493,31.901880827462957,14.887544386149381,6.380376165492594
748,53.743881915742115,32.246329149445266,15.048286936407793,6.449265829889056
749,49.62019983860386,29.772119903162313,13.893655954809082,5.954423980632464
750,51.88671217101665,31.132027302609988,14.52827940788466,6.226405460521999
751,49.59122738755896,29.754736432535374,13.885543668516508,5.950947286507077
752,51.31451638931803,30.788709833590815,14.36806458900905,6.157741966718165
753,61.30384640533029,36.782307843198176,17.16507699349248,7.356461568639634
754,51.12798357172295,30.67679014303377,14.315835400082426,6.135358028606754
755,68.87387902078683,41.324327412472094,19.284686125820315,8.264865482494422
756,58.01326417040146,34.80795850224088,16.24371396771241,6.961591700448174
757,56.303342657956804,33.782005594774084,15.764935944227902,6.756401118954818
758,50.9177089189672,30.55062535138032,14.256958497310816,6.110125070276066
759,58.53929926764016,35.1235795605841,16.391003794939245,7.024715912116818
760,51.98579775734911,31.191478654409465,14.556023372057751,6.2382957308818945
761,55.29832744980446,33.17899646988268,15.483531685945248,6.635799293976536
762,67.31111730712021,40.38667038427213,18.847112845993657,8.077334076854427
763,53.85100713864706,32.31060428318823,15.07828199882118,6.46212085663765
764,59.89655282528782,35.93793169517269,16.771034791080588,7.187586339034539
765,50.451523605676684,30.270914163406008,14.126426609589473,6.054182832681203
766,53.60809590687351,32.164857544124104,15.010266853924582,6.4329715088248225
767,62.45116100068416,37.47069660041049,17.486325080191566,7.494139320082102
768,50.27500318154852,30.16500190892911,14.077000890833586,6.033000381785824
769,62.28339801852845,37.37003881111707,17.439351445187967,7.474007762223415
770,56.5699432447344,33.94196594684064,15.83958410852563,6.7883931893681275
771,50.02766559388716,30.016599356332293,14.007746366288403,6.003319871266461
772,55.80971811261438,33.48583086756862,15.626721071532026,6.697166173513727
773,57.31707257298368,34.390243543790206,16.048780320435434,6.878048708758044
774,55.36898935604291,33.22139361362574,15.503317019692016,6.644278722725151
775,44.213551219925684,26.52813073195541,12.37979434157919,5.3056261463910825
776,48.23289837227554,28.939739023365323,13.505211544237152,5.787947804673067
777,50.43415309687783,30.260491858126695,14.121562867125792,6.052098371625341
778,51.102072476150404,30.661243485690242,14.308580293322112,6.132248697138049
779,54.37950378022691,32.62770226813615,15.226261058463534,6.525540453627231
780,51.966041527660714,31.179624916596428,14.550491627745,6.235924983319286
781,44.2017769597226,26.52106617583356,12.376497548722327,5.3042132351667135
782,52.58009885079345,31.548059310476066,14.722427678222166,6.309611862095215
783,53.53237752988966,32.119426517933796,14.989065708369102,6.42388530358676
784,53.07854847770381,31.847129086622285,14.861993573757069,6.3694258173244584
785,55.483535465632464,33.29012127937948,15.53538993037709,6.6580242558758975
786,54.049246358741236,32.42954781524474,15.133788980447546,6.485909563048951
787,51.975587874437025,31.185352724662213,14.553164604842367,6.237070544932445
788,49.12903893403763,29.477423360422577,13.756130901530536,5.8954846720845175
789,40.97545088285538,24.585270529713224,11.473126247199506,4.917054105942647
790,51.22902259338611,30.737413556031665,14.344126326148112,6.147482711206335
791,49.92041349597342,29.95224809758405,13.97771577887256,5.990449619516811
792,50.04136000363854,30.024816002183123,14.01158080101879,6.004963200436626
793,42.1017402921833,25.26104417530998,11.788487281811324,5.052208835061997
794,42.88282360940493,25.729694165642957,12.00719061063338,5.145938833128593
795,53.357178452922625,32.01430707175357,14.940009966818337,6.402861414350717
796,47.697709700664724,28.618625820398833,13.355358716186123,5.723725164079768
797,51.10790201825321,30.664741210951927,14.310212565110898,6.132948242190388
798,47.64782328341098,28.588693970046588,13.341390519355073,5.717738794009318
799,47.461842445795085,28.47710546747705,13.289315884822624,5.695421093495412
800,51.81238586322934,31.087431517937603,14.507468041704213,6.217486303587522
801,44.349799852175536,26.60987991130532,12.41794395860915,5.3219759822610655
802,47.2209119875506,28.33254719253036,13.221855356514167,5.666509438506074
803,44.24052010220063,26.544312061320376,12.387345628616174,5.308862412264077
804,44.192383046852,26.5154298281112,12.373867253118561,5.303085965622241
805,44.63342521081671,26.780055126490026,12.497359059028678,5.356011025298006
806,47.10590456520137,28.263542739120822,13.189653278256383,5.652708547824165
807,43.41904432990935,26.051426597945607,12.157332412374618,5.210285319589122
808,51.910794626484225,31.146476775890534,14.535022495415584,6.229295355178108
809,40.97995118407051,24.587970710442303,11.474386331539742,4.917594142088463
810,44.34142191520855,26.60485314912513,12.415598136258392,5.320970629825027
811,42.90180691044861,25.741084146269166,12.012505934925612,5.148216829253835
812,52.161993439185245,31.297196063511144,14.60535816297187,6.259439212702231
813,45.7385488063269,27.443129283796136,12.806793665771531,5.48862585675923
814,49.745766147573065,29.847459688543836,13.92881452132046,5.969491937708769
815,36.99167542194735,22.195005253168407,10.357669118145258,4.439001050633683
816,45.589894588059984,27.35393675283599,12.765170484656796,5.4707873505672
817,48.54026127450514,29.124156764703084,13.591273156861439,5.824831352940619
818,44.34335435874994,26.606012615249963,12.416139220449985,5.321202523049994
819,49.10159054901302,29.46095432940781,13.748445353723646,5.892190865881563
820,41.03249092601867,24.6194945556112,11.489097459285226,4.92389891112224
821,50.51296722193229,30.307780333159375,14.143630822141041,6.061556066631876
822,54.81063090446037,32.88637854267622,15.346976653248904,6.577275708535245
823,41.35453120429406,24.812718722576438,11.579268737202336,4.962543744515289
824,40.79652753893167,24.477916523359003,11.423027710900866,4.895583304671801
825,50.14906896189727,30.08944137713836,14.041739309331236,6.017888275427675
826,50.6409607818016,30.38457646908096,14.179469018904447,6.076915293816194
827,39.99265605744233,23.995593634465397,11.197943696083854,4.799118726893081
828,40.37283536674014,24.223701220044084,11.304393902687238,4.844740244008818
829,40.934670058798325,24.560802035278993,11.461707616463531,4.912160407055801
830,35.494226659485626,21.296535995691375,9.938383464655976,4.259307199138275
831,37.49921889832743,22.499531338996455,10.49978129153168,4.499906267799293
832,36.950937116194964,22.170562269716978,10.34626239253459,4.434112453943397
833,38.015026680218206,22.80901600813092,10.6442074704611,4.561803201626185
834,41.56622191017449,24.939733146104693,11.638542134848858,4.987946629220939
835,42.79965588248513,25.67979352949108,11.983903647095838,5.135958705898217
836,49.27336901206171,29.56402140723702,13.796543323377279,5.912804281447407
837,36.42477221281335,21.85486332768801,10.198936219587738,4.370972665537602
838,46.23726354599504,27.742358127597026,12.94643379287861,5.548471625519406
839,40.14829009317818,24.08897405590691,11.24152122608989,4.817794811181383
840,40.87701111592279,24.526206669553673,11.445563112458382,4.905241333910736
841,44.40807262469084,26.6448435748145,12.434260334913436,5.328968714962901
842,35.33359684610825,21.20015810766495,9.893407116910309,4.2400316215329905
843,42.77610847141804,25.665665082850825,11.977310371997051,5.133133016570165
844,41.616827822434004,24.970096693460402,11.65271179028152,4.994019338692082
845,43.17101619269706,25.902609715618237,12.087884533955176,5.180521943123647
846,42.08251255565237,25.249507533391423,11.783103515582663,5.049901506678285
847,52.84482470654754,31.706894823928522,14.796550917833313,6.341378964785706
848,37.31505130125947,22.389030780755682,10.448214364352653,4.4778061561511375
849,37.787992035925974,22.672795221555585,10.58063777005927,4.534559044311118
850,37.27032244908061,22.362193469448364,10.43569028574257,4.472438693889675
851,37.55553321745542,22.53331993047325,10.515549300887518,4.506663986094651
852,37.09674361235836,22.258046167415014,10.387088211460341,4.451609233483005
853,46.1834087388142,27.71004524328852,12.931354446867976,5.542009048657706
854,47.29939869702397,28.37963921821438,13.24383163516671,5.675927843642878
855,37.30561848043618,22.383371088261708,10.44557317452213,4.476674217652343
856,35.9639807045847,21.57838842275082,10.069914597283715,4.315677684550165
857,42.45319453787731,25.471916722726384,11.886894470605647,5.094383344545278
858,37.30932114162748,22.385592684976487,10.446609919655693,4.477118536995299
859,43.21338675195931,25.928032051175588,12.099748290548606,5.185606410235119
860,41.04561444384054,24.627368666304324,11.492772044275352,4.925473733260866
861,32.4385379083461,19.46312274500766,9.082790614336908,3.892624549001532
862,47.74503659723599,28.647021958341593,13.368610247226075,5.72940439166832
863,48.98114792584908,29.388688755509445,13.714721419237742,5.877737751101892
864,36.93606424060308,22.161638544361846,10.342097987368863,4.432327708872371
865,38.06374788958997,22.838248733753982,10.65784940908519,4.5676497467507975
866,41.43782960356211,24.862697762137262,11.602592288997391,4.972539552427454
867,41.69103002626223,25.01461801575734,11.673488407353425,5.002923603151469
868,43.325703234568635,25.99542194074118,12.131196905679218,5.199084388148236
869,50.102227034273334,30.061336220563998,14.028623569596533,6.0122672441128024
870,39.18867005782342,23.513202034694054,10.972827616190557,4.702640406938812
871,36.108092332622554,21.664855399573533,10.110265853134315,4.3329710799147065
872,33.23311481183734,19.939868887102403,9.305272147314454,3.987973777420482
873,36.50914113281268,21.905484679687607,10.22255951718755,4.3810969359375225
874,40.03617120108488,24.02170272065093,11.210127936303767,4.804340544130188
875,49.216529262907365,29.52991755774442,13.780628193614062,5.905983511548884
876,37.70151970394227,22.62091182236536,10.556425517103834,4.524182364473072
877,41.45823625117208,24.874941750703247,11.608306150328184,4.97498835014065
878,40.31076645906343,24.186459875438057,11.28701460853776,4.837291975087613
879,46.392274472648246,27.835364683588946,12.98983685234151,5.567072936717791
880,53.14621715018687,31.88773029011212,14.880940802052324,6.377546058022427
881,37.922253323108855,22.753351993865312,10.61823093047048,4.550670398773063
882,38.19821137749225,22.918926826495348,10.69549918569783,4.583785365299072
883,45.93876608963938,27.56325965378363,12.862854505099024,5.512651930756727
884,44.20368495819565,26.52221097491739,12.377031788294783,5.30444219498348
885,50.10771213076833,30.064627278460996,14.030159396615131,6.0129254556922
886,43.877414628865154,26.32644877731909,12.285676096082243,5.2652897554638205
887,39.248528218404935,23.54911693104296,10.989587901153381,4.709823386208594
888,44.08905968103917,26.4534358086235,12.344936710690966,5.290687161724701
889,46.77364585333056,28.064187511998334,13.096620838932555,5.6128375023996675
890,45.430389111131014,27.258233466678607,12.720508951116683,5.451646693335723
891,43.96566730850137,26.37940038510082,12.310386846380382,5.275880077020165
892,46.86741771559564,28.120450629357386,13.12287696036678,5.6240901258714775
893,47.488655603978266,28.493193362386958,13.296823569113915,5.698638672477394
894,48.66444900854072,29.19866940512443,13.626045722391403,5.8397338810248876
895,45.111978321333346,27.067186992800007,12.631353929973336,5.413437398560003
896,41.15086583186004,24.69051949911602,11.52224243292081,4.938103899823206
897,42.84125732633089,25.704754395798535,11.995552051372648,5.140950879159707
898,48.26462320663896,28.958773923983372,13.51409449785891,5.791754784796677
899,38.27489656417333,22.964937938503997,10.716971037968534,4.592987587700801
900,44.333494076647746,26.600096445988648,12.413378341461367,5.320019289197731
901,40.65698993267695,24.39419395960617,11.383957181149546,4.878838791921234
902,42.903914999071056,25.742348999442633,12.013096199739895,5.148469799888527
903,49.291852914633424,29.575111748780053,13.80171881609736,5.915022349756011
904,43.99733172678497,26.39839903607098,12.319252883499793,5.2796798072141975
905,43.41904508522575,26.051427051135448,12.157332623863208,5.21028541022709
906,36.53533276152655,21.921199656915928,10.229893173227433,4.384239931383187
907,47.216298484286185,28.32977909057171,13.220563575600133,5.665955818114343
908,46.86547464845264,28.119284789071582,13.12233290156674,5.6238569578143185
909,54.60989514154981,32.76593708492989,15.290770639633946,6.553187416985979
910,42.41278060117215,25.44766836070329,11.875578568328203,5.089533672140659
911,45.20789291581782,27.124735749490693,12.65821001642899,5.42494714989814
912,45.52188426259816,27.313130557558893,12.746127593527484,5.46262611151178
913,52.3273467467376,31.396408048042556,14.651657089086527,6.279281609608514
914,44.13094108359086,26.478564650154517,12.356663503405441,5.295712930030904
915,46.17202173258438,27.70321303955063,12.928166085123626,5.540642607910128
916,47.98798117524073,28.79278870514444,13.436634729067405,5.7585577410288895
917,46.05514929856207,27.63308957913724,12.89544180359738,5.526617915827449
918,43.06549175963901,25.839295055783406,12.058337692698922,5.167859011156681
919,46.445546819864575,27.867328091918743,13.004753109562081,5.57346561838375
920,51.02250252857992,30.613501517147952,14.286300708002377,6.122700303429591
921,40.70275241068074,24.421651446408443,11.396770674990606,4.884330289281689
922,46.68282821983409,28.009696931900454,13.071191901553547,5.601939386380092
923,42.70161947073499,25.62097168244099,11.956453451805798,5.1241943364882
924,52.36321944633169,31.417931667799014,14.661701444972874,6.2835863335598034
925,38.959259291385,23.375555574831,10.9085926015878,4.675111114966201
926,43.96916196935273,26.38149718161164,12.311365351418765,5.276299436322329
927,48.83970241980866,29.303821451885195,13.675116677546425,5.860764290377039
928,54.97235353159779,32.983412118958675,15.392258988847379,6.596682423791735
929,47.008214489577334,28.2049286937464,13.162300057081653,5.640985738749281
930,44.7542657491678,26.852559449500678,12.531194409766984,5.370511889900138
931,57.13033417924583,34.278200507547496,15.996493570188832,6.8556401015095005
932,40.67967492949898,24.407804957699387,11.390308980259714,4.881560991539878
933,37.12174232250811,22.273045393504866,10.394087850302272,4.454609078700974
934,50.51262569593856,30.307575417563136,14.143535194862796,6.061515083512628
935,45.99973862009496,27.599843172056975,12.879926813626588,5.519968634411397
936,43.601897928627544,26.161138757176527,12.208531420015712,5.232227751435305
937,52.44841328116969,31.469047968701815,14.685555718727512,6.293809593740365
938,50.324640976924776,30.194784586154864,14.090899473538938,6.0389569172309745
939,46.48460835089309,27.890765010535855,13.015690338250064,5.578153002107172
940,43.10312159786186,25.861872958717115,12.06887404740132,5.172374591743424
941,54.06677045521549,32.44006227312929,15.138695727460338,6.48801245462586
942,53.15544812874083,31.893268877244495,14.883525476047433,6.378653775448901
943,49.60855956701371,29.765135740208223,13.890396678763839,5.953027148041645
944,59.53757873895017,35.7225472433701,16.670522046906044,7.144509448674022
945,45.15380304643738,27.09228182786243,12.643064853002466,5.418456365572487
946,43.07623245877243,25.845739475263457,12.061345088456282,5.169147895052692
947,47.44366786537717,28.466200719226304,13.284227002305608,5.6932401438452604
948,50.87426676314988,30.52456005788993,14.244794693681968,6.104912011577987
949,52.517441857642595,31.510465114585557,14.704883720139925,6.302093022917113
950,50.292591807347875,30.175555084408725,14.081925706057405,6.035111016881746
951,53.4564770759461,32.07388624556766,14.967813581264908,6.414777249113532
952,45.63525251174584,27.381151507047502,12.777870703288835,5.476230301409503
953,59.30776503777372,35.58465902266423,16.60617421057664,7.116931804532847
954,51.87334296119919,31.124005776719514,14.524536029135774,6.224801155343904
955,58.06482123777023,34.83889274266214,16.258149946575664,6.967778548532429
956,54.385220734597866,32.63113244075872,15.227861805687402,6.526226488151744
957,55.14754341937771,33.08852605162662,15.441312157425761,6.617705210325328
958,55.90365157292301,33.5421909437538,15.653022440418445,6.708438188750764
959,55.48317393466338,33.289904360798026,15.535288701705744,6.657980872159607
960,56.64676308753668,33.988057852522005,15.86109366451027,6.797611570504403
961,60.2660568785427,36.15963412712562,16.874495925991955,7.231926825425123
962,54.788596946648305,32.87315816798898,15.340807145061524,6.574631633597798
963,57.53518441065051,34.521110646390305,16.109851634982142,6.904222129278061
964,53.72406566279123,32.23443939767474,15.042738385581544,6.446887879534948
965,61.554239680976295,36.93254380858578,17.235187110673362,7.386508761717156
966,51.1508601595406,30.69051609572436,14.322240844671366,6.138103219144874
967,63.71487883226793,38.228927299360755,17.840166073035018,7.645785459872155
968,54.68485790450346,32.810914742702074,15.31176021326097,6.562182948540416
969,47.905288943224285,28.74317336593457,13.4134809041028,5.748634673186915
970,55.87117972613094,33.52270783567856,15.643930323316665,6.704541567135715
971,51.99480036864558,31.196880221187346,14.558544103220761,6.239376044237471
972,59.770517453943995,35.862310472366396,16.735744887104318,7.172462094473282
973,52.46919401981489,31.481516411888933,14.691374325548171,6.296303282377789
974,53.66411810844272,32.19847086506563,15.025953070363963,6.4396941730131285
975,46.60769504246836,27.964617025481015,13.05015461189114,5.592923405096203
976,53.95180844488871,32.371085066933226,15.106506364568839,6.474217013386648
977,44.24939949875437,26.549639699252623,12.389831859651224,5.309927939850525
978,48.602190671698985,29.16131440301939,13.608613388075716,5.83226288060388
979,60.474078132116816,36.284446879270085,16.93274187699271,7.256889375854019
980,60.74863699393552,36.44918219636131,17.009618358301942,7.289836439272264
981,59.091827595339204,35.45509655720352,16.54571172669498,7.091019311440707
982,52.27177693344606,31.363066160067635,14.636097541364897,6.27261323201353
983,57.00737616275451,34.2044256976527,15.962065325571265,6.840885139530544
984,57.36429726581762,34.41857835949057,16.062003234428936,6.883715671898116
985,51.72391070755877,31.03434642453526,14.482694998116457,6.206869284907054
986,65.1631436611553,39.09788619669318,18.245680225123483,7.8195772393386385
987,62.16032324508241,37.296193947049446,17.404890508623073,7.459238789409891
988,56.792941261868776,34.07576475712126,15.902023553323259,6.815152951424254
989,58.153282665252476,34.89196959915149,16.282919146270693,6.978393919830296
990,59.17865141480881,35.50719084888529,16.570022396146467,7.101438169777058
991,48.042692351279186,28.82561541076751,13.451953858358172,5.765123082153503
992,57.126808662466644,34.276085197479986,15.995506425490658,6.855217039495999
993,55.06075825002071,33.03645495001243,15.417012310005799,6.607290990002486
994,53.56717519662009,32.140305117972055,14.998809055053625,6.428061023594411
995,57.27093954198692,34.36256372519215,16.035863071756335,6.872512745038431
996,67.76256894026808,40.65754136416085,18.97351930327506,8.131508272832171
997,62.072536374423805,37.24352182465428,17.380310184838667,7.448704364930858
998,56.103065670658545,33.661839402395124,15.708858387784394,6.732367880479027
999,61.90892961304048,37.14535776782429,17.33450029165133,7.42907155356486
